position,chain,residue,p(bind),A,C,D,E,F,G,H,I,K,L,M,N,P,Q,R,S,T,V,W,Y
1,A,23,0.24188152,-0.18271485,-0.03957193,-0.3373559,-0.16663477,0.4255889,-0.21688464,0.16757542,-0.14322692,0.27841765,0.17037393,0.060786903,-0.39644718,0.1383124,0.17573853,-0.12299849,-0.23803064,-0.35419875,-0.4244104,0.7684274,-0.7051382
2,A,24,0.29074046,-0.1858697,-0.0982115,-0.106301785,0.1190926,0.058926478,-0.21197388,-0.06892635,0.09395221,-0.1515739,0.16405061,0.23033278,-0.2546821,0.035571873,0.20069182,-0.025720164,-0.15618366,-0.2537294,-0.0714771,0.44394574,-0.65370524
3,A,25,0.16294171,-0.058903903,-0.1839961,-0.27713656,-0.46524385,0.21180277,0.119195946,0.059852466,0.03901791,0.21462664,0.030820146,-0.09037913,-0.09101887,-0.020393461,0.049185034,-0.17980412,-0.09004673,-0.33551794,-0.283657,0.10760787,-0.39251223
4,A,26,0.32150626,-0.17480661,-0.26496714,-0.17021379,-0.042940244,-0.01976775,-0.19305868,0.13414577,0.003005717,-0.14697462,-0.0034534633,-0.29075003,-0.33839995,0.21871541,0.43386078,-0.09668514,0.026834212,-0.07088784,-0.17619497,0.5455615,-0.11988132
5,A,27,0.20005865,-0.48163548,-0.09630783,0.04021056,-0.18030229,0.21252254,-0.24711621,-0.046802513,-0.29016024,-0.028634958,-0.06746387,-0.049247846,0.055273473,0.015203744,0.42624694,-0.3619305,-0.12420608,-0.19158868,-0.077670224,0.09668379,0.010997757
6,A,28,0.45385367,-0.13495508,-0.15332161,0.16454437,-0.13969001,0.0073965155,-0.122417234,0.10773389,-0.097756945,0.10783942,-0.13419732,-0.17659432,0.3933595,0.20410073,0.4569171,-0.2838409,0.3577999,-0.20775017,-0.2523908,-0.11921886,-0.16267048
7,A,29,0.4122761,-0.07905561,-0.18969674,0.2398903,0.30878085,0.12360261,-0.10436637,0.03961359,-0.27291825,0.010146365,-0.31059164,0.017712612,0.06770146,0.11004247,0.33682275,-0.18917328,0.08438303,-0.28828388,-0.2553984,0.32275322,-0.3265292
8,A,30,0.21570121,-0.19438645,-0.35058367,-0.47651494,-0.15125157,0.15080565,-0.21907696,-0.033565663,-0.03652788,0.10779818,0.19420089,0.087359846,-0.035012484,-0.017133884,0.26243067,0.1271731,-0.06461005,-0.3448527,-0.35840535,0.17878452,-0.11752704
9,A,31,0.29491016,-0.11527245,-0.3588109,0.043497853,-0.0431292,0.13885175,0.04628226,0.43691802,-0.27479136,-0.12407818,-0.06265685,-0.21588571,-0.05692719,0.10004307,0.21285075,-0.4689689,0.14564677,0.16001678,-0.27875215,0.046452146,-0.202941
10,A,32,0.21007763,0.03997799,-0.31218603,-0.26941052,0.27043772,0.006901264,-0.009007618,0.089688465,-0.11902708,-0.012560859,-0.05171543,-0.23240373,-0.13556576,0.028361239,0.28727916,0.012732863,-0.14378467,0.027229093,-0.504066,-0.12599868,-0.17133902
11,A,33,0.1362152,-0.6292371,-0.35071832,0.06974464,-0.12105915,0.20178461,-0.33922178,-0.09643881,-0.11157376,0.1032907,0.07580429,0.22415945,-0.13469426,-0.23938772,0.16911353,0.14329036,-0.14645585,-0.36918586,-0.46744335,0.47887272,-0.307732
12,A,34,0.020696677,-0.55468297,-0.5648068,-0.24639311,-0.4984961,0.2066086,-0.5415009,-0.14298195,-0.2855646,-0.16642481,0.13800275,-0.14870092,0.091833696,-0.32372046,0.18993002,0.07493335,-0.19739321,-0.38353765,-0.28259733,-0.09327195,-0.12810361
13,A,35,0.039108977,-0.3084643,-0.3465554,-0.016891697,-0.13840452,-0.29493636,-0.38376245,-0.23535323,-0.18937887,-0.34058514,-0.2856675,-0.3009869,0.29225874,0.15721048,-0.073276445,-0.3039907,0.28450108,0.150238,0.12318929,-0.52002317,-0.47063017
14,A,36,0.164793,0.034130313,-0.44027537,-0.21606211,-0.37925965,0.11983235,-0.11300128,-0.119468965,-0.07107577,-0.30492184,0.021456666,0.03296514,-0.10180716,-0.07599647,0.099341944,0.0978618,0.016135547,-0.093018115,-0.052987404,0.24075103,-0.31758988
15,A,37,0.02692675,-0.5011407,-0.48679593,-0.4474203,-0.4705047,0.23488033,-0.38290042,-0.34382966,-0.26368678,-0.10427652,0.07422824,-0.0840956,-0.06310836,-0.25154346,0.09670273,0.18987262,-0.15058003,-0.33577716,-0.2298609,0.048061058,-0.115563825
16,A,38,0.04643574,-0.34494323,-0.2089434,-0.17904517,-0.36013082,0.08646469,-0.35008976,-0.17101985,-0.1394651,-0.08760037,-0.10438557,-0.35083276,0.3945115,0.045872927,0.106868565,-0.13062936,0.08641756,-0.058413234,-0.36781433,-0.43266985,-0.4562898
17,A,39,0.10635531,0.15052414,-0.20244052,-0.37985438,-0.2303099,-0.27558714,-0.256218,-0.0206219,0.02757036,-0.08264229,-0.23852655,-0.2017284,0.24235716,0.075618476,0.2679637,-0.21121515,0.26241904,-0.018664993,-0.20288484,-0.48498636,-0.34929544
18,A,40,0.02465705,-0.16000053,-0.46350023,-0.703524,-0.26722136,-0.21600397,-0.117772505,-0.23197298,-0.27584064,-0.038431287,-0.1438894,-0.08547134,-0.27410913,-0.21296968,0.0018483493,0.09697355,-0.14475809,0.058819287,0.12299027,-0.090011135,-0.5328815
19,A,41,0.012325155,-0.32011315,-0.41981447,-0.36516407,-0.4924379,0.14332893,-0.49123657,-0.30343467,-0.3156249,-0.0013367012,0.023246855,-0.22917175,-0.045800924,-0.20684996,0.067258395,0.17565227,-0.2813518,-0.23365173,-0.30811688,-0.33722728,-0.441865
20,A,42,0.029247725,-0.16359521,-0.03542325,-0.29376888,-0.23777846,0.09957957,-0.45398486,-0.3638702,-0.24707043,-0.0105841085,-0.12452442,-0.13979152,0.070710585,0.2010378,-0.07448599,-0.26855928,-0.12261309,0.12883219,-0.38021636,-0.6493794,-0.436784
21,A,43,0.047296092,-0.05223693,-0.1377401,-0.16488166,-0.26893365,-0.025215775,-0.33340317,-0.34679425,-0.041514896,-0.12980175,-0.15545142,-0.08923572,0.05717633,0.09149137,0.2036303,-0.15800226,-0.17065708,-0.056911748,-0.26616108,-0.63968253,-0.31855056
22,A,44,0.0065355734,-0.45541412,-0.43430066,-0.7250697,-0.3655532,-0.11644538,-0.22653785,-0.3345689,-0.2916984,-0.14493798,-0.086531594,-0.18135256,-0.41651383,-0.2395308,0.043941364,0.12623213,-0.30357242,-0.046403296,-0.0655646,-0.29608932,-0.46402705
23,A,45,0.03133949,-0.2643139,-0.2797668,-0.47981846,-0.52786666,0.07408394,-0.20826942,-0.27919793,-0.17157099,-0.14970349,-0.03945242,-0.32131776,0.12130494,-0.019905359,0.17466864,0.054285638,0.032910258,-0.12483161,-0.19196182,-0.40625623,-0.4240559
24,A,46,0.08804494,0.060381763,-0.19693564,-0.45022503,-0.21331973,-0.22804782,-0.09581126,-0.012440026,-0.16526724,-0.093542665,-0.20958987,-0.35137063,0.4235285,-0.021143042,0.2971756,-0.31602344,0.14759955,0.0284634,-0.15510726,-0.43638647,-0.3496819
25,A,47,0.018890837,-0.19813356,-0.21955326,-0.43770224,-0.3007462,-0.14857505,-0.23638025,-0.3923478,-0.1566087,-0.1653975,-0.3223672,-0.012184106,-0.032898605,0.004882768,0.14216816,0.06729951,-0.010470644,-0.2031225,-0.26192185,-0.58833647,-0.4776113
26,A,48,0.00794056,-0.33732897,-0.15236175,-0.44730312,-0.3516053,-0.24172813,-0.405126,-0.4264937,-0.11132104,-0.0009996556,-0.11833706,-0.1687645,-0.059144184,0.14790425,-0.090362415,0.02761999,-0.45168006,-0.15607592,-0.46417522,-0.6077761,-0.41274002
27,A,49,0.021015473,-0.26032984,-0.15602487,-0.27573004,-0.04563437,0.03640008,-0.09931203,0.016968012,-0.22005054,-0.29157835,-0.18119705,-0.36461812,-0.31085482,0.0034493506,-0.17682216,-0.22233881,-0.23292245,-0.051683955,-0.4691792,-0.175213,-0.36458468
28,A,50,0.039041262,-0.13157341,-0.18543157,0.0021035746,-0.048371144,-0.1380585,0.09280601,-0.2470546,-0.4425453,-0.5179695,-0.14539343,-0.193658,-0.21572709,-0.13584648,-0.023756571,-0.25265115,0.24124247,-0.00897143,-0.34466976,0.027317554,-0.53510416
29,A,51,0.011259526,-0.21721381,-0.18825871,-0.16948311,-0.45473456,-0.28056878,-0.88639885,-0.40230754,-0.12232566,-0.17387104,-0.058661655,0.29541475,-0.4676818,0.07792087,-0.26528385,-0.039527923,-0.29904434,-0.22354591,-0.3776503,0.058311958,-0.2803075
30,A,52,0.018736126,-0.21297942,-0.060715303,-0.22951154,-0.046007752,-0.1963667,-0.6587125,-0.2833237,0.058815237,-0.29808396,-0.0076953582,-0.27800083,-0.3924349,0.118478104,-0.045011476,-0.16970998,-0.2805892,-0.093835875,-0.24496883,-0.11072999,-0.527004
31,A,53,0.007686935,-0.39071417,-0.1356206,-0.13614868,-0.16136587,-0.5774579,-0.6866667,-0.36555046,-0.38931817,-0.39774138,0.061339077,-0.32361472,-0.1745293,-0.059155058,-0.15721199,-0.16745128,-0.20101024,-0.00016816892,-0.033930562,0.03774789,-0.6019479
32,A,54,0.016728837,-0.1535966,-0.07504639,-0.1503357,-0.29106474,-0.4924721,-0.13902764,-0.15970492,-0.06641753,-0.12299346,0.06970709,-0.37202772,-0.1298877,0.15656932,-0.108573884,-0.32037827,0.11686574,-0.2585983,-0.3328197,-0.7737986,-0.47015005
33,A,55,0.021043697,-0.09676717,-0.31410572,-0.15368465,-0.2654555,-0.64944386,-0.4080013,-0.23871909,-0.25766706,-0.09366517,-0.038658112,-0.3681786,-0.31344566,0.3890807,0.023639709,-0.342035,0.25262976,-0.12943104,-0.16163091,-0.44023883,-0.23410814
34,A,56,0.02060513,-0.17589498,-0.11541405,-0.057574093,-0.14878806,-0.43557903,-0.4054247,-0.1792733,-0.25484246,-0.40972096,-0.10984423,-0.26809415,0.02461633,0.3898049,-0.13452095,-0.3957131,0.23864445,-0.068954125,-0.206788,-0.5426302,-0.6054041
35,A,57,0.025981227,-0.5230398,-0.29600352,-0.0141154975,-0.45579478,0.0025266632,-0.44477242,-0.18474749,-0.23864588,-0.1867581,0.02666685,-0.29452932,0.20752335,0.2251553,-0.29204088,-0.1652134,0.33489633,-0.10070754,-0.08633612,-0.49149284,-0.64662755
36,A,58,0.009928404,-0.21385631,-0.20366326,0.05967164,-0.39003688,-0.3336743,-0.41982043,-0.15084144,-0.26203147,-0.337403,0.0005913377,-0.21198799,-0.3933344,0.117380306,-0.015573725,-0.6379339,0.067031294,-0.2525189,-0.14587365,-0.5524,-0.32610223
37,A,59,0.122501776,-0.07052681,0.09766275,-0.13076599,-0.16875437,-0.27860382,-0.024745405,0.15122336,-0.19060647,-0.1031529,0.18384299,-0.10461071,-0.18832411,0.31630963,0.026271358,-0.21863379,0.2575828,-0.42066813,-0.29649103,-0.49384537,-0.3121133
38,A,60,0.009462243,-0.21849555,-0.18530571,-0.20768417,-0.34935325,-0.113409206,-0.18190092,-0.24925396,-0.30071348,-0.18382332,-0.010210626,-0.024150841,-0.16025092,0.13369234,-0.36178446,-0.4681458,0.40215203,-0.11684801,-0.23973306,-0.9240829,-0.891637
39,A,61,0.0109103825,-0.31938273,-0.10366006,-0.37233323,-0.57032174,-0.2368985,-0.3461142,-0.039638016,-0.30969957,-0.20438787,0.005076006,-0.30264542,-0.32321584,0.27856016,-0.2702279,-0.16245721,0.062446482,-0.21086584,-0.12452171,-0.3836639,-0.5731192
40,A,62,0.018858444,-0.17249325,-0.09229699,-0.3736106,-0.3651353,-0.18926157,-0.06548082,-0.2670524,-0.3361712,-0.14469409,0.1552258,0.124968424,-0.28113464,0.101353936,-0.23901415,-0.507202,-0.08892965,-0.064385936,-0.010110423,-0.3679983,-0.7683326
41,A,63,0.0153980255,-0.06008929,-0.17422551,-0.3894085,-0.42750806,-0.38486987,-0.099523105,-0.0016281903,-0.30920202,-0.043539464,0.30137637,-0.29580158,-0.52488244,0.16135061,-0.2853719,-0.46121058,0.071445696,0.10675265,-0.18196717,-0.42550784,-0.7341881
42,A,64,0.0072894366,-0.2003509,-0.10792697,-0.14818665,-0.2540086,-0.0667979,-0.32085708,-0.2610996,-0.36431432,-0.37286198,-0.07743429,-0.028511465,-0.54122704,-0.08130509,-0.051422138,-0.21705934,-0.18570848,-0.35486445,-0.39093372,-0.27460036,-0.6145427
43,A,65,0.019846518,-0.098414704,-0.1599559,-0.18005139,-0.36565578,-0.2534262,-0.084641755,0.1416454,-0.36273745,-0.08296341,-0.1075311,-0.20493084,-0.44748664,0.00027620792,-0.23025474,-0.45326048,-0.09665491,0.054507934,-0.2713512,-0.26188782,-0.43490592
44,A,66,0.0045260466,-0.1489298,-0.4137211,-0.22099605,-0.24505258,-0.3496361,-0.57892644,-0.22635457,-0.41975018,-0.14248462,-0.09182407,-0.07828358,-0.4983254,-0.17011967,-0.2060437,-0.11284969,-0.10845624,-0.07403642,-0.4165421,-0.41908544,-0.47195217
45,A,67,0.0038718544,-0.37205005,-0.27354392,-0.16854265,-0.43770212,-0.45261085,-0.6138463,-0.2649696,-0.18722674,-0.25755262,-0.026109949,0.023209296,-0.5253563,-0.20945148,-0.1570477,-0.36343053,-0.19300309,0.07967149,-0.27219597,-0.3267828,-0.5516007
46,A,68,0.04083593,0.078226104,-0.0660577,-0.20828006,-0.28638694,-0.32172894,-0.16221464,-0.08535543,-0.23590016,-0.11655094,-0.1365068,-0.027268566,-0.2747828,0.17105654,0.23294906,-0.13858086,0.15892206,-0.24624543,-0.40789545,-0.64614177,-0.43775737
47,A,69,0.0048816195,-0.10396345,-0.12391339,-0.15771241,-0.37080115,-0.35619885,-0.31819934,-0.10649903,-0.39434132,-0.4427497,-0.17428139,-0.42125148,-0.075534075,-0.21206856,-0.18076792,-0.25973442,-0.088771895,-0.19720298,-0.41473705,-0.63134646,-0.28730986
48,A,70,0.00958481,-0.18167908,-0.2997834,0.04248464,-0.25642288,-0.45976797,-0.13541076,-0.075061284,-0.1614777,-0.26753116,-0.35379875,-0.34233788,-0.3358115,-0.19698973,-0.18565112,-0.2270104,0.019428834,-0.107011035,-0.5471684,-0.48800632,-0.078939006
49,A,71,0.0073288404,-0.13404197,-0.09754497,0.04951357,-0.3022712,-0.22245476,-0.8518069,-0.4834817,-0.35004517,-0.01379567,-0.24978966,0.15900823,-0.48716933,-0.14085597,-0.108093634,0.07207751,-0.34583846,-0.16860573,-0.4005224,-0.35069227,-0.4821718
50,A,72,0.0039508883,-0.009160072,-0.10039243,-0.20149127,-0.61942863,-0.5020739,-0.48435405,-0.16418001,-0.37094373,-0.43756637,-0.18604288,-0.117099434,-0.09531131,-0.001344623,-0.10668285,-0.3289623,0.014117934,-0.1534575,-0.45028764,-0.8861857,-0.32900965
51,A,73,0.008732802,-0.12718037,-0.23364747,-0.06267142,-0.29158896,-0.53807616,-0.23675224,-0.14735636,-0.2642284,-0.37146515,-0.3140031,-0.3982581,0.06649344,-0.0310148,-0.06468051,-0.51749456,0.009642132,-0.030963778,-0.34490007,-0.60015917,-0.23359253
52,A,74,0.019792372,-0.1958942,-0.45176053,0.084916994,-0.41958532,-0.22291964,-0.3781484,-0.1934592,-0.09643244,-0.38102126,-0.10805751,0.18767713,-0.4410392,-0.115548745,-0.18240556,-0.3608083,0.17530769,0.21718116,-0.40686038,-0.06025275,-0.55335724
53,A,75,0.011930319,-0.37550357,0.04389976,-0.36834005,-0.4399017,-0.11946125,-0.42156118,-0.36692113,-0.13202667,-0.21453847,-0.10570859,0.10097732,-0.4237414,0.08673936,-0.22373827,-0.14338586,-0.2837407,-0.2794686,-0.17158544,-0.34159032,-0.23707351
54,A,76,0.0033969318,-0.23299667,-0.0639545,-0.08320144,-0.6481037,-0.42265108,-0.4596528,-0.19471876,-0.42336386,-0.28128266,-0.044509664,-0.25541997,-0.20022084,0.03750606,-0.11539543,-0.65094626,0.1717231,-0.1737965,-0.466792,-0.92834663,-0.24535587
55,A,77,0.026657503,0.045356728,-0.1614976,0.26249254,-0.21335253,-0.5274835,-0.51599634,-0.379117,-0.3286217,-0.22233343,-0.19514172,-0.081224486,-0.08695161,0.04705316,-0.022499368,-0.028964147,0.028528176,-0.27032736,-0.43430042,-0.25345802,-0.25982648
56,A,78,0.049619943,-0.00457076,-0.24461542,-0.27561897,-0.2929722,-0.0706565,-0.2319464,-0.38138086,-0.16779333,-0.2746367,-0.057931714,0.17210007,-0.287796,-0.06372478,-0.22014704,-0.09495926,-0.026461087,0.006447684,-0.2592177,-0.0036162809,-0.17297181
57,A,79,0.004809559,-0.23474681,-0.12952559,-0.53192496,-0.42518526,-0.20033889,-0.287337,-0.3337351,-0.4850917,-0.35653743,-0.037205722,-0.011570439,-0.35071254,0.13135092,-0.39318082,-0.6668826,-0.09160963,-0.16933596,-0.24835147,0.034539837,-0.54494786
58,A,80,0.01506316,-0.27257353,-0.1742427,-0.03897704,-0.24144344,-0.39982283,-0.35139862,-0.28005278,-0.3711231,-0.44251525,0.06638275,-0.026515022,-0.016483068,0.032947347,-0.114742175,-0.23223704,0.01581864,-0.23281582,-0.32798755,-0.47556806,-0.29697615
59,A,81,0.047856424,-0.24279344,-0.25988406,0.22790828,-0.19059281,-0.18802974,-0.10176034,-0.08159459,-0.13324583,-0.57789046,0.06625651,-0.10664244,-0.21589163,0.2877904,-0.21663745,-0.35609156,0.3342376,-0.047154725,-0.091473795,-0.56006455,-0.53695583
60,A,82,0.042212132,-0.11554775,-0.16814962,-0.07225603,-0.30675298,-0.050280437,-0.030702695,0.13671066,-0.044051155,-0.40471286,-0.165176,-0.12757632,-0.5256255,0.31397116,-0.27120295,-0.060623348,0.07617429,-0.30386454,-0.40044975,-0.25677377,-0.34502918
61,A,83,0.0072223763,-0.2777829,-0.08061892,0.030859135,-0.2795782,-0.21611586,-0.44105276,-0.16817784,-0.4626616,-0.41010988,-0.025839154,-0.36669418,-0.57231784,0.1707661,-0.11809863,-0.49491978,-0.04896748,-0.4753759,-0.283832,0.050378483,-0.45318297
62,A,84,0.010057656,-0.19001874,-0.047567487,-0.23595412,-0.25005203,-0.14084275,-0.01968221,-0.07540978,-0.34132215,-0.35108855,-0.038608983,-0.2536406,-0.31128955,0.13586247,-0.3736314,-0.48462534,0.073808566,-0.34244633,-0.3506716,-0.47000995,-0.52212244
63,A,85,0.007846384,-0.22904985,-0.1748663,-0.20523298,-0.43788192,-0.34596986,-0.1930231,-0.09660427,-0.39249668,-0.28141308,-0.0006336197,-0.5536144,-0.30493817,0.19632624,-0.08053778,-0.27365795,-0.00971707,-0.35614282,-0.2578769,-0.49338222,-0.34911233
64,A,86,0.009523331,-0.16534483,-0.010145813,-0.23656057,-0.34253404,-0.3392707,-0.2039634,-0.22340786,-0.31331038,0.048937146,-0.15928861,-0.24700527,-0.28645587,0.09657937,-0.20582533,-0.3839882,-0.03433589,-0.29643112,-0.53688514,-0.39959913,-0.40560597
65,A,87,0.0065343226,-0.323096,0.15230772,-0.53606176,-0.5437877,0.025803655,-0.05494073,-0.38424015,-0.5839316,0.13645889,0.10144196,-0.41493723,-0.29648548,0.36268538,-0.12801102,-0.058311135,-0.25847945,-0.3728356,-0.42614722,-0.6806356,-0.74092746
66,A,101,0.014263023,-0.27742293,-0.16672848,-0.07256082,-0.3435634,0.04053595,-0.2968545,-0.06850667,-0.25392288,-0.14061043,-0.15856813,-0.35038137,-0.3517899,0.098702416,-0.040674195,-0.13218394,-0.21340695,-0.2152275,-0.5151885,-0.27418837,-0.5031785
67,A,102,0.14576998,-0.046802767,-0.13642886,0.20883918,0.008791983,0.060520217,-0.045453385,0.19935596,-0.17500958,-0.2941246,-0.23699167,-0.30613965,-0.06022799,0.28247964,0.079436705,-0.37533888,0.2003864,-0.083439976,-0.32909364,-0.07816972,-0.6407601
68,A,103,0.044467755,-0.35691142,-0.35057506,0.05088918,-0.08923914,-0.33877847,-0.2936531,-0.23144516,-0.012846462,-0.39148438,-0.068474,-0.04019483,-0.074923195,0.049545787,0.009051273,-0.3045588,0.16645168,0.030673046,-0.171702,-0.21708503,-0.43224412
69,A,104,0.3503621,-0.22415964,-0.2915511,0.14075273,0.082258135,0.34818068,-0.22178923,0.11464386,0.043833368,-0.16031829,-0.17634344,0.05288972,-0.20832926,0.018944778,0.0180865,0.049130246,0.19436723,-0.12944591,-0.41748813,0.17815526,-0.02926546
70,A,105,0.20421948,-0.10356001,-0.07368924,-0.17661354,-0.105902895,-0.0636988,-0.25557026,0.07508944,-0.20799425,-0.19966815,-0.049670592,-0.02713839,-0.1497812,0.1945753,0.063345164,-0.113463074,0.07562366,-0.004861314,-0.22067867,0.093919575,-0.11039095
71,A,106,0.029626777,-0.28572464,-0.37355897,0.016091585,-0.051108766,-0.387358,-0.23519085,-0.08058455,-0.25734615,-0.16915877,-0.2823124,-0.09330516,-0.22327319,-0.1608281,-0.24776348,-0.33074316,0.08521605,0.14039728,-0.24423271,-0.07373203,-0.23448604
72,A,107,0.092318036,-0.09071341,-0.154876,-0.14809896,0.11084901,0.19143128,-0.31684995,-0.22291555,-0.1542714,-0.078508906,-0.07357142,0.0079681575,-0.5114929,0.22070251,0.09328273,-0.100261815,0.12066397,-0.41148186,-0.28527611,-0.5455972,0.063363045
73,A,108,0.15205939,-0.027377337,-0.19972317,-0.14822045,-0.08561902,0.037248075,-0.32373163,-0.12675789,-0.15824942,-0.12067307,-0.081269965,-0.030894395,0.19707248,-0.10779642,0.1217081,-0.30011898,0.07712745,0.09488122,-0.13881779,-0.24632214,-0.15100501
74,A,109,0.016863536,-0.41046706,-0.31619272,-0.3452387,-0.36127058,-0.34032258,-0.77516204,-0.17179775,-0.54259676,-0.060931224,-0.35855025,-0.09623104,0.034967024,-0.018454567,0.2517773,0.033999868,-0.025266564,-0.0022111908,-0.037785366,-0.43905938,-0.08480061
75,A,110,0.09422771,-0.5284555,-0.041383713,-0.19660646,-0.5479057,0.47809696,-0.2563366,-0.26321658,-0.06661694,-0.08942933,-0.38082173,0.32577026,-0.17424458,-0.02170182,0.051080927,0.23125356,-0.0116053745,-0.119956225,-0.293538,-0.13415246,-0.22330418
76,A,111,0.023916753,-0.23409863,-0.1721994,-0.319879,-0.3762802,0.12341571,-0.21089935,-0.10964191,-0.15347625,-0.14754921,-0.32269537,-0.11148295,-0.10410564,-0.106437616,-0.110854164,-0.2229829,-0.017554302,-0.070602305,-0.30285448,-0.5479358,-0.19085477
77,A,112,0.12533164,-0.17100726,-0.07159257,-0.022277959,-0.23429969,-0.2518186,-0.37295085,-0.26883364,-0.16066465,-0.17533633,-0.13574001,0.03684025,0.1385322,0.19571193,0.2120063,-0.3781314,0.04269873,0.037750922,-0.062532514,-0.108574085,-0.19266233
78,A,113,0.01853881,-0.20354751,-0.3592257,-0.6986545,-0.28930363,-0.101184815,-0.19166481,-0.16191925,-0.43094543,-0.110470474,-0.260407,-0.17128322,-0.1358808,-0.29038692,0.24590912,0.1210356,-0.17034814,0.022339594,-0.071885645,-0.46125615,-0.2500966
79,A,114,0.010864629,-0.29373252,-0.20004778,-0.5472853,-0.31725907,-0.044206712,-0.5179209,-0.29784012,-0.23813875,-0.17261328,-0.35580495,0.02699158,-0.09585781,-0.2575711,0.43916267,0.101519495,-0.06420839,-0.099827915,-0.38627625,-0.639623,-0.5507785
80,A,115,0.14236236,-0.272219,-0.21562603,0.1082942,-0.081168346,-0.25016472,-0.40374857,0.049734227,-0.14621806,-0.21926677,-0.34044224,-0.113931656,0.20574869,0.28876585,0.27845225,-0.3954456,0.19756928,0.45829147,0.25844917,-0.8274127,-0.37546742
81,A,116,0.020187588,-0.18868402,-0.39838547,-0.6628586,-0.13846095,-0.22566375,-0.33902258,-0.19755057,-0.33560038,-0.16684593,-0.15303983,-0.100071326,0.0049831867,-0.39452702,0.034216233,-0.115096554,-0.20463598,-0.010136686,0.03608386,-0.10552518,-0.22147171
82,A,117,0.04064082,-0.26686198,-0.17976676,-0.3671904,-0.4442309,0.1345219,-0.5208226,-0.4137337,-0.55221426,-0.098157376,-0.1668174,0.60337204,-0.22958642,-0.06460965,0.2160056,0.14619508,-0.37547004,-0.07994689,-0.3339633,0.10250296,-0.2707186
83,A,118,0.04650514,-0.1588408,-0.03532451,-0.5538526,-0.36712915,-0.22295772,-0.30771568,-0.2796293,-0.31477666,0.05048074,-0.25426623,-0.10499772,0.25166047,0.08551535,0.3469991,-0.19608705,0.0068216473,-0.16105491,-0.40757406,-0.29249296,-0.10534966
84,A,119,0.19365035,-0.17182477,-0.36827677,-0.24074149,0.06399479,-0.3431915,-0.06698914,-0.0042383205,-0.10216169,-0.16744427,-0.1326865,-0.086069554,0.13302651,0.14227742,0.095114514,-0.45151523,-0.017178994,0.008730315,0.0004426837,0.2653505,0.016918465
85,A,120,0.21115221,-0.43841618,-0.29982972,-0.080218635,0.051988572,0.39953873,-0.14776534,0.06260973,-0.28545004,-0.046816006,0.03063947,0.2753375,-0.3152434,-0.26961896,0.01612062,0.20805131,-0.03971847,-0.3824485,-0.47305873,0.39068493,0.025619054
86,A,121,0.059506044,-0.05309224,-0.119796515,-0.38247484,-0.090305,0.12154068,-0.6857329,-0.16680054,-0.04321485,0.16630235,-0.23740014,0.33156973,-0.10392602,-0.051701136,0.4641003,-0.12515593,-0.13932444,-0.16909437,-0.624404,-0.19683874,-0.65457875
87,A,122,0.10971451,-0.3701107,-0.38192093,-0.21562487,0.030799303,-0.4766052,-0.61022425,-0.12524144,-0.18882121,0.019415043,-0.25468478,-0.17440733,0.2992742,0.08917166,0.33934337,0.018963069,-0.028070837,0.13899127,0.0015631765,-0.25760642,0.052136306
88,A,123,0.36422703,-0.49000797,-0.26722664,0.14285198,0.5449708,-0.020917043,0.0266569,-0.013195023,0.04571913,0.18142167,-0.31184554,-0.11307002,0.035986617,-0.24824524,0.13145044,-0.033877455,-0.18932337,-0.31258452,-0.26004958,0.62726486,-0.03304407
89,A,124,0.082923226,-0.31221926,-0.21519849,-0.29052877,-0.19940591,0.216008,-0.39493352,-0.30395013,-0.52472156,0.014282566,-0.0123266205,0.57308394,-0.3477443,-0.07267454,0.18068264,0.16176137,-0.3306027,-0.31791684,-0.33949456,0.25807738,-0.14545485
90,A,125,0.09517525,-0.056951277,-0.1055727,-0.2271061,0.0015955269,0.19057435,-0.6087556,-0.15513794,-0.10051355,0.27268422,-0.25434867,0.21324545,0.097957134,-0.10467244,0.45305407,-0.12687537,-0.14218472,-0.15028822,-0.63285744,-0.11883919,-0.69702893
91,A,126,0.64213187,0.097450614,-0.14692256,0.0032601357,0.57850575,0.1850324,-0.09853877,-0.04120564,0.47083217,-0.10452173,-0.032948263,0.034986943,-0.079286605,-0.0038230047,0.45596108,-0.28016955,0.111438304,-0.35258713,-0.31508213,0.15959692,-0.057349965
92,A,127,0.3067732,-0.42758182,-0.201647,0.080713905,0.20868687,0.24270247,-0.39324766,0.005501643,-0.0664317,0.11717013,-0.08526379,0.31750762,-0.33540845,-0.28802562,0.24641292,0.082614794,-0.23308727,-0.28167158,-0.23540494,0.42564747,0.0055634305
93,A,128,0.023534961,-0.1658123,-0.3077013,-0.60944796,-0.4746939,0.11696702,-0.30823255,-0.3493781,-0.021933071,-0.028070662,-0.37689584,0.5518942,-0.57427806,-0.18370531,-0.0058293194,-0.09907065,-0.38024807,-0.10882659,0.043930992,0.08641333,-0.53053385
94,A,129,0.029845478,-0.27642456,-0.041976675,-0.26038998,-0.24266404,0.2082302,-0.50767237,-0.47234747,-0.20522338,-0.021256812,-0.21723749,0.42296922,-0.45717752,-0.29430878,0.16600871,-0.027111653,-0.024650287,-0.22471985,-0.33384547,-0.14154091,-0.53008294
95,A,130,0.2549539,-0.051562097,0.0122035,-0.1505008,0.091235116,0.38279575,-0.24730475,0.22514948,0.2262021,-0.19291922,-0.25382575,-0.07121821,-0.18625996,-0.21844083,0.21080637,-0.13550654,-0.19320267,-0.04691679,-0.15236908,0.07311659,-0.39384562
96,A,131,0.020780869,-0.14681728,-0.3593805,-0.5930014,-0.18156806,0.10816102,-0.2744875,-0.19227156,-0.09839539,-0.12399,-0.33830962,0.038506947,-0.6113705,-0.48125654,0.19627368,-0.21267425,-0.37873173,-0.040359765,0.099037156,0.03968834,-0.30177587
97,A,132,0.06098164,-0.31777734,-0.24287063,-0.17471704,-0.31180787,0.5856476,-0.41531086,-0.19994362,0.3341048,0.076712,-0.25177705,0.57722276,-0.73586726,-0.21565846,0.14589858,0.09961717,-0.34510878,-0.3869182,-0.4178207,-0.035144508,-0.5027428
98,A,133,0.037790455,-0.13800219,-0.03348632,-0.2818546,-0.057473212,0.056172654,-0.2537601,-0.13233593,0.20855954,-0.015732642,-0.14493519,-0.21667674,-0.48662877,-0.1440624,0.1738319,-0.28675997,-0.43496186,-0.084677204,-0.2486392,-0.2735257,-0.4422278
99,A,134,0.028351959,-0.09392278,-0.09686427,-0.2973436,-0.24335922,-0.18035954,-0.5260592,-0.20334221,-0.0047023296,-0.027406767,-0.34903127,0.21823609,-0.40943986,-0.14801635,0.18178265,-0.1375247,-0.32235247,-0.10391692,-0.14159067,-0.03369113,-0.61539316
100,A,135,0.4318514,-0.12367897,-0.02587143,-0.109523855,-0.27407917,0.27002537,-0.15438645,0.19949229,0.7340814,-0.27790982,-0.07044983,0.36959928,-0.4817072,0.10357939,0.20559722,0.011340208,-0.13378802,-0.23794705,0.038014904,0.1546552,-0.4713449
101,A,136,0.20751399,-0.07763535,-0.1484845,-0.4275877,-0.44427103,0.27612448,0.092992395,0.028823562,0.25322455,0.023581557,-0.14431112,0.19532816,-0.45757288,0.06413025,0.29863355,-0.05889827,-0.12282224,-0.31855738,0.12227239,-0.25393936,-0.24100727
102,A,137,0.4836092,-0.08401804,-0.1392035,-0.015907604,0.017523661,-0.014811605,-0.2950356,0.07511039,0.13173251,0.13786454,-0.14184628,-0.14810926,-0.1015584,0.0072980523,0.50320977,-0.15269919,0.051768977,-0.06492689,0.069749124,0.17949176,-0.08121902
103,A,138,0.41651037,-0.25486332,-0.24549823,-0.07370045,0.3990561,0.2516957,-0.09911673,-0.081908815,-0.07846762,-0.11845592,0.042455465,0.08382358,-0.387609,-0.24291217,0.46893793,-0.23160246,-0.32373917,-0.08349846,0.19179481,0.41298348,0.033509985
104,A,139,0.045652024,-0.2868008,-0.08772818,-0.30527437,-0.2319323,0.020956695,-0.24634375,-0.2535498,0.06012074,-0.13229588,-0.29848027,0.03287217,-0.61123943,-0.25966996,0.06706187,-0.18246554,-0.43385047,-0.0518777,0.25793055,0.14943406,-0.24684815
105,A,140,0.0824652,-0.120923504,-0.045471936,-0.24915421,-0.20414658,-0.2816225,-0.33883572,-0.07470545,-0.054520924,-0.09988038,-0.19350749,-0.01942496,-0.2802769,-0.30191723,0.30729157,-0.11682058,-0.28660083,0.0691258,0.36685988,-0.2824785,-0.20230381
106,A,141,0.15515983,-0.36896503,-0.23952195,-0.031721443,-0.10694608,0.017754555,-0.21193121,0.006770417,0.07476841,-0.15563053,0.039005607,-0.07810759,-0.007592533,-0.45454085,0.038637236,-0.1885117,-0.1316516,-0.20861608,-0.0011290498,0.33484876,-0.021610916
107,A,142,0.08594646,-0.41247335,-0.028107375,-0.16649413,-0.006367117,0.024590615,-0.33680183,-0.112548634,-0.21723875,0.0792429,-0.19518702,0.10777503,-0.1446708,-0.49801737,0.18129614,-0.000669688,-0.31663498,-0.36367318,-0.26929432,0.35931578,-0.048206538
108,A,143,0.076730184,-0.5108942,0.02350688,-0.04582165,-0.22356647,0.20037183,-0.4623667,-0.16040593,0.23037693,-0.014932346,-0.22175997,0.23566131,-0.3993012,-0.24075687,-0.0028368533,0.16348353,-0.41848707,-0.23833236,-0.16156605,0.17971161,-0.41971087
109,A,144,0.05377602,-0.1174267,-0.023621842,-0.05704601,-0.31885898,-0.3193134,-0.2798976,-0.2883816,0.0031251796,-0.1869015,-0.036156274,0.083206445,-0.10823941,-0.4589308,0.20303372,-0.23557237,-0.17377317,-0.2539347,-0.13136739,0.02321428,-0.19080955
110,A,145,0.019780697,-0.38250694,-0.17714816,-0.18309037,-0.27665454,-0.2876667,-0.25393856,-0.3010154,0.011695132,0.0012069046,0.0017335173,-0.16284452,-0.04314412,-0.17081907,0.053191,-0.38119537,-0.24423952,-0.5503641,-0.30028865,-0.034495037,-0.2214852
111,A,146,0.03288846,-0.50138474,0.00074113905,0.04498534,0.11532173,-0.14988863,-0.28913793,-0.22848429,-0.14937797,-0.041782223,-0.25773728,0.136238,-0.53456855,-0.46036756,0.019120157,-0.2344887,-0.32551962,-0.35659066,-0.42091703,0.2596351,-0.006988384
112,A,147,0.03578437,-0.44446975,0.18927994,-0.034226228,-0.14348602,-0.34188962,-0.585986,-0.47893083,-0.016439572,-0.1898798,0.00882677,0.32009545,-0.3961916,0.008967236,0.13420992,-0.28581733,-0.5420402,-0.1610271,-0.1661563,0.12051263,-0.28915513
113,A,148,0.044896215,-0.21858484,0.06910041,-0.03883578,-0.17449887,-0.46548492,-0.0089690685,-0.31097406,0.31483355,-0.1570779,0.20287156,-0.02528286,-0.5379534,-0.20986171,0.23790134,-0.5651255,0.13724804,-0.54308176,-0.5459281,-0.13400462,-0.08375796
114,A,149,0.0044143214,-0.6703454,-0.19598478,-0.41065955,-0.2062378,-0.14134574,-0.422027,-0.0024456251,-0.26127785,0.17810127,-0.25033072,-0.44236785,-0.31507117,-0.49479568,-0.012550861,-0.0887268,-0.4512405,-0.19135357,-0.6447849,-0.27833033,-0.116701856
115,A,150,0.003347245,-0.43842506,-0.011761941,-0.53416324,-0.5683937,-0.40532458,-0.33981097,-0.29188144,-0.209954,-0.09310542,-0.046930388,0.07934323,-0.6326265,-0.24663183,-0.091052786,-0.25691164,-0.30821326,-0.3805552,-0.52296937,-0.06464565,-0.332251
116,A,151,0.03325675,-0.44133967,-0.075349584,-0.005806625,-0.50762284,-0.28560522,-0.3018264,-0.121535845,-0.12233156,-0.021467358,-0.10691751,-0.090639904,-0.31674254,0.18368323,0.15418941,-0.35039574,-0.3405385,-0.15316448,-0.004723981,-0.041740805,-0.41979927
117,A,152,0.06557714,-0.46044087,0.0035158433,0.17579485,-0.27515712,-0.07485294,-0.088247344,-0.21500574,0.033446908,-0.16537102,0.03617672,-0.11746739,-0.25557196,-0.1003012,0.14492914,-0.33480847,-0.14305352,-0.46384227,-0.46866387,0.33853424,-0.22631572
118,A,153,0.0071142674,-0.506662,-0.18969661,-0.52067864,-0.6235714,-0.22354467,-0.41850305,0.015480932,-0.09166715,0.09314647,0.007302705,-0.31861266,-0.12524983,-0.10414302,0.13173567,-0.030703753,-0.14093539,-0.39955547,-0.49447057,-0.48237377,-0.5158108
119,A,154,0.0056994883,-0.3560206,0.036861956,-0.3701703,-0.33707988,-0.66605735,-0.58146536,-0.117418945,-0.42530382,0.20785534,-0.20145088,-0.13290945,-0.2759248,0.096603855,0.3225921,-0.19734256,-0.19426754,-0.3954923,-0.70270354,-0.24654424,-0.6254243
120,A,155,0.0049088146,-0.47870973,-0.108538,-0.59153855,-0.6846472,-0.3939773,-0.42595348,0.036174033,-0.20230913,0.111021996,0.09531501,-0.26914424,-0.030690983,0.023692973,0.34495014,-0.14316669,-0.23114148,-0.4734143,-0.4265081,-0.7644018,-0.6988151
121,A,156,0.008363629,-0.3355112,-0.17517903,-0.40243316,-0.49525937,-0.6471792,-0.62647986,0.07768057,-0.1245192,0.4068616,-0.053576216,-0.25175792,-0.29709557,0.042476255,0.30851093,0.035310302,-0.24396732,-0.37055805,-0.43780783,-0.74191916,-0.44306028
122,A,157,0.059066877,-0.24172059,-0.0048118792,-0.062835634,-0.3307814,-0.47371727,-0.33432198,-0.06844225,-0.22365536,0.15496415,-0.27911603,-0.1339383,-0.0830121,0.14670411,0.5058141,-0.25921726,0.06118454,-0.32914522,-0.46386757,0.112199605,-0.4604853
123,A,158,0.013052356,-0.46251154,-0.22697091,-0.16962786,-0.5675829,-0.0945892,-0.52686036,-0.18919648,-0.49444383,-0.18787621,0.046006937,-0.048172846,-0.16663225,-0.026516303,0.13924263,-0.0042329133,-0.37491202,-0.37467983,-0.43207216,0.21958482,-0.38360533
124,A,159,0.006977183,-0.41151828,0.0016033426,-0.28791368,-0.40579832,-0.20410183,-0.5805074,-0.045376107,-0.48238164,0.18669364,0.04860027,-0.22381802,-0.33623505,0.10499318,0.14049643,-0.1071285,-0.20875868,-0.3485958,-0.6105034,-0.55616087,-0.6316976
125,A,160,0.014658082,-0.32568172,-0.18520984,-0.07886081,-0.41706887,-0.5673443,-0.37596858,0.05201429,-0.263573,-0.023777328,0.010914125,-0.19159165,-0.040599976,-0.004325889,0.16065043,-0.03362894,0.1854595,-0.18516877,-0.38956717,-0.77249336,-0.76217496
126,A,161,0.072608255,-0.20354763,-0.05765585,0.050174545,-0.3227349,-0.037231073,-0.12632585,0.029925838,-0.3927976,0.118787825,-0.036796957,-0.0755944,-0.046574842,-0.076711476,0.3335223,-0.119023144,-0.08477072,-0.4213211,-0.39976147,-0.1917112,-0.48715007
127,A,162,0.04096666,-0.15105233,-0.008378398,-0.073459044,-0.26065207,-0.17318453,-0.36130324,-0.044612803,-0.3486044,-0.06336469,-0.17128193,-0.19442803,-0.25240564,-0.145542,0.35973042,-0.12966019,-0.10251011,-0.2631333,-0.07636492,-0.43661454,-0.2563455
128,A,163,0.010265472,-0.36625838,-0.13412648,-0.30894527,-0.42995968,-0.25096697,-0.41393825,-0.14514013,-0.1846634,-0.13797575,-0.11717051,-0.15399408,-0.26658553,-0.38007417,0.19095767,-0.27860063,-0.28218627,-0.18890873,0.08641009,-0.46576113,-0.3407632
129,A,164,0.012598626,-0.3695273,-0.21693623,-0.34165347,-0.2262637,-0.39841384,-0.4687547,0.0044489875,-0.3398447,-0.027151935,-0.10287224,-0.14031948,-0.3607863,-0.38755897,0.25034124,-0.23331055,-0.2870465,-0.14415558,-0.17312917,-0.11605708,-0.28249753
130,A,165,0.051314335,-0.20229355,0.04536263,0.06346789,-0.22545144,-0.55842155,-0.44327426,-0.086965285,-0.12843561,0.010371357,-0.043377645,0.06124217,-0.34307218,-0.11768485,0.29418552,-0.20929405,-0.24396358,-0.17707324,-0.057240248,-0.18757859,-0.36761063
131,A,166,0.043785993,-0.16759723,-0.14368394,-0.34229785,-0.4686608,-0.4632704,-0.04718647,0.056745075,0.02977413,-0.08235712,-0.12199873,0.03302885,-0.2538667,0.0776184,0.42163587,-0.35499507,0.06890039,-0.2050373,-0.2608801,-0.49405277,-0.36548564
132,A,167,0.0059270505,-0.5385078,-0.27746397,-0.37987113,-0.37280124,-0.34058994,-0.47000897,-0.30223882,-0.23024806,-0.052550495,-0.16667472,0.13142231,-0.1446575,-0.28853709,0.03020186,-0.24083465,-0.29259536,-0.20214127,-0.09000105,-0.24979278,-0.6443936
133,A,168,0.039903868,-0.2189459,-0.113244094,-0.05082663,-0.12186113,-0.22547933,-0.10101768,-0.14328276,-0.11656581,0.24960685,-0.27285492,0.22524697,-0.45385048,-0.15659449,0.074335374,-0.12507406,-0.3659768,-0.505719,-0.008128293,-0.20014076,-0.5501871
134,A,169,0.027130252,-0.38649368,-0.23957783,-0.1882942,-0.46236485,-0.28451765,-0.7444943,-0.16461031,-0.117832564,0.08602701,-0.060219653,-0.016592354,-0.29849225,-0.27021325,0.41287273,0.0064887777,-0.27147883,-0.23637503,0.107396,-0.25907767,-0.19175062
135,A,170,0.013872863,-0.193881,-0.24406596,-0.28646973,-0.38975996,-0.56583285,-0.35301083,0.06545597,0.01243677,0.15324056,-0.41481966,-0.27843577,-0.22718695,-0.06291114,0.19123091,-0.15095109,-0.33965847,-0.14496697,-0.2170382,-0.5988101,-0.21841636
136,A,171,0.020800004,-0.23301226,-0.34538656,-0.17629975,-0.49595338,0.0013746023,-0.2534827,-0.13086607,-0.09801215,0.0396392,-0.1925165,0.069691,-0.2951881,-0.2575891,-0.024136234,-0.052147716,-0.21433851,-0.3837006,-0.20855352,-0.18335342,-0.4179509
137,A,172,0.11513443,-0.37865782,-0.1468563,-0.24346194,-0.51821214,0.38231766,-0.3084489,-0.02453354,0.20814347,0.024318337,-0.12815574,0.50553596,-0.45569086,-0.12933858,-0.07182531,0.006018292,-0.29704508,-0.2613798,-0.016361706,0.22568102,-0.41138232
138,A,173,0.06479116,0.04567583,-0.1853328,0.04142694,-0.12563214,-0.23055366,-0.51944023,-0.041827857,0.09357482,0.058525093,-0.219135,-0.11038274,-0.06292185,-0.3332957,0.4169013,-0.20752388,-0.13152097,-0.14995354,-0.2648972,-0.42107353,-0.32221347
139,A,174,0.08795639,0.00936573,-0.012648173,0.057860643,-0.06416504,-0.5722143,-0.29487082,-0.1311179,0.26261374,0.0058641434,-0.2000853,0.42146635,-0.42971125,-0.017457038,0.5294557,-0.17950584,-0.18352062,-0.3830069,-0.27381882,-0.64033175,-0.24301898
140,A,175,0.014325667,-0.30775303,-0.27045673,-0.4992239,-0.49407375,-0.14110394,-0.5993473,-0.3026746,0.03029769,0.38153356,-0.2653381,0.53459287,-0.5469988,-0.20860289,0.15836632,-0.10979376,-0.32540464,-0.4379223,-0.024951376,-0.50663483,-0.2957836
141,A,176,0.027962822,-0.33809757,-0.26911953,-0.24268919,-0.24376506,-0.22159037,-0.4663471,-0.18811639,-0.103898495,-0.11544734,-0.0981683,0.20781684,-0.33887023,-0.19133142,0.2598723,-0.07248601,-0.36959875,-0.18639272,0.071294986,-0.186444,-0.45513967
142,A,177,0.109890945,-0.16226152,-0.15846239,0.073327616,-0.062173218,-0.13170853,-0.5398793,-0.019045755,0.20815781,0.0127272755,-0.16705453,-0.056615464,0.08668132,-0.10188386,0.36005837,-0.20720702,-0.110914364,-0.12988171,-0.111106716,-0.28647685,-0.58813655
143,A,178,0.014314878,-0.31253397,-0.36393988,-0.22932732,-0.1519653,-0.2301932,-0.48495275,-0.1123101,-0.063536316,0.101005316,-0.56528723,0.006822318,-0.14583859,-0.23684001,0.24036604,-0.08114329,-0.37939462,-0.39319327,-0.24031743,-0.19000354,-0.3994545
144,A,179,0.036740135,-0.13488293,-0.17677617,-0.49706882,-0.34890568,0.11223959,-0.5828538,-0.13016777,0.058041543,0.34220946,-0.35270843,0.26863283,-0.4102073,-0.3310622,0.206909,-0.08885682,-0.4516303,-0.37997583,-0.007856369,-0.15412879,-0.20740463
145,A,180,0.033805482,-0.22900562,-0.15234971,-0.5253172,-0.081783,0.0088177025,-0.3287025,-0.18602483,0.03850203,-0.03709425,-0.14431038,-0.11952233,-0.45208693,-0.4014723,0.25447485,-0.27943173,-0.34228966,-0.11709092,0.1435993,-0.09265366,-0.3090011
146,A,181,0.032266878,-0.3584078,-0.24535425,-0.0738073,-0.028009206,-0.121281154,-0.34264874,-0.07098067,-0.088474095,0.031471673,-0.36520573,-0.0808565,-0.19840264,-0.4095256,0.0657328,-0.12280748,-0.26130825,-0.38642934,-0.046470642,0.06071827,-0.35886842
147,A,182,0.013312565,-0.2216146,-0.21033671,-0.42250216,-0.19072366,-0.07399515,-0.62074244,-0.21732824,-0.065372266,0.24240208,-0.5169427,0.31127903,-0.3885391,-0.29838234,0.32987773,0.06517124,-0.32052824,-0.20311011,-0.37405995,-0.35297093,-0.7772265
148,A,183,0.086503625,-0.14454572,-0.21161914,-0.33698353,-0.13886386,0.10180407,-0.48693746,-0.19432424,0.28309944,0.2736687,-0.40750596,0.49259147,-0.36756927,-0.04522717,0.4188516,-0.017290115,-0.15740886,-0.35446557,-0.169587,-0.14808434,-0.74669594
149,A,184,0.08232383,-0.2471855,-0.18333599,-0.120160654,-0.06725479,0.13522291,-0.31969875,-0.35109875,-0.020362027,0.19907287,-0.33915463,0.47364995,-0.22420035,-0.19436672,0.11376618,0.011787206,-0.18782976,-0.57353854,-0.2213041,0.0711904,-0.36638278
150,A,185,0.045471955,0.042434078,-0.26962924,-0.576573,-0.15383428,0.14201155,-0.16998094,-0.14645064,0.13850576,-0.029027302,-0.16750899,-0.3238328,-0.41274893,0.015973512,0.057525337,-0.2249049,-0.18603405,-0.099508286,-0.039191883,-0.18533969,-0.45600647
151,A,186,0.11814687,-0.32869548,-0.10362417,-0.05041786,-0.11272627,0.26719436,-0.2142717,-0.26859874,0.10728983,0.21341535,-0.29546553,0.19635162,-0.12781553,-0.26763445,0.1769193,0.06239897,-0.23231423,-0.49945793,-0.010148108,0.18189922,-0.70439553
152,A,187,0.05007363,-0.41469282,-0.16831884,0.106202886,-0.11921644,0.31634843,-0.3265402,-0.03429185,-0.16097258,-0.062717766,-0.3792399,0.008211248,-0.46428552,0.09213595,0.20367377,-0.08695668,-0.11135075,-0.27566493,-0.23146649,-0.30014947,-0.533598
153,A,188,0.23284303,-0.053082474,-0.0824041,-0.2162248,-0.015121184,-0.19362876,-0.38382334,-0.055415343,0.23311912,-0.101261646,-0.14140937,0.44170836,-0.5877471,0.18009678,0.42504862,-0.08653752,-0.118945576,-0.05019962,0.018060029,-0.18305139,-0.22150743
154,A,189,0.13987899,-0.25867313,-0.033746853,-0.1697098,-0.07784105,-0.1536039,-0.33171463,0.09293139,-0.018501677,-0.1786603,-0.24377942,-0.25772172,-0.072937235,-0.31323624,0.36725166,-0.15669858,-0.28283218,0.01474905,0.22646469,0.043898936,-0.011934452
155,A,190,0.036887478,-0.20498517,-0.12374625,-0.4522613,-0.39352188,0.14942722,-0.23988563,-0.18028036,-0.13148403,0.14423205,-0.14421175,-0.08027204,-0.21766713,-0.38161415,0.33673704,0.12099002,-0.17012414,-0.46067628,-0.22968578,-0.3889236,-0.21434495
156,A,191,0.12548259,-0.27196187,0.114791855,-0.043691553,-0.2357285,0.12350115,-0.428667,-0.22355933,-0.08357625,0.016077954,-0.13541934,0.27965003,-0.4028919,0.037904996,0.112883314,-0.09044517,-0.2319442,-0.08137008,-0.22483505,-0.03959673,-0.13262768
157,A,192,0.70863044,-0.484708,-0.03886499,0.2352877,0.062028483,0.08010048,-0.17662315,0.27463925,0.29092106,0.057263933,0.14135686,0.07204592,-0.053019714,-0.19011167,0.2964943,0.07863763,-0.19060111,-0.15685336,-0.090181254,0.40451616,0.27641326
158,A,193,0.054117683,-0.3652519,-0.1663734,0.1498373,-0.17081323,-0.3096101,-0.36253834,0.14895248,-0.082640916,-0.024336383,-0.21698023,-0.26141912,0.16900218,-0.1365588,0.24670996,0.040589802,0.07107198,-0.021363534,-0.26409504,-0.7917508,-0.5133892
159,A,194,0.07576018,-0.083035186,-0.17738506,-0.36715707,-0.3698338,0.13752241,-0.4444456,-0.18384282,-0.19273716,0.3324387,-0.16200098,0.3663252,-0.16432695,-0.103962205,0.6177385,0.20604405,-0.13515073,-0.31815392,-0.4501197,-0.5345017,-0.47481474
160,A,195,0.09699099,-0.15393999,-0.07071632,-0.5148876,0.025131617,-0.049998954,-0.22840701,-0.0006149933,-0.0090509355,0.13089561,-0.058021568,-0.13874051,-0.26753345,-0.002875492,0.1034746,-0.010978833,-0.4327078,0.024885386,-0.21655537,-0.3536647,-0.0068080053
161,A,196,0.113091245,-0.6150397,-0.329037,0.26239115,-0.074252605,-0.47627103,-0.22423044,0.16769768,0.03147176,-0.11157989,-0.17302807,-0.2899371,0.23589745,-0.18076396,0.19948032,-0.09786372,0.10417627,0.0711391,-0.03392466,-0.31883243,-0.20704028
162,A,197,0.037246823,-0.290838,-0.27589518,-0.119836375,-0.43522108,0.036102206,-0.19763523,-0.18444136,-0.18431816,0.22006044,-0.23835742,0.08590372,-0.0007408932,-0.35612762,0.26937222,-0.062690765,-0.0923889,-0.33235782,-0.3895003,-0.45233446,-0.25098538
163,A,198,0.36497447,-0.09433437,-0.0070680827,-0.17687593,0.15343261,0.2396347,-0.11758759,-0.14761522,0.21835563,-0.118819006,-0.112385795,0.3347718,-0.1228852,-0.092975214,0.6251428,-0.007200241,0.23277257,-0.4544055,-0.48093632,-0.55550605,0.13064648
164,A,199,0.47143787,-0.07337153,-0.4537252,0.29641536,0.037044354,-0.25935793,-0.08940351,0.19299152,0.04145971,-0.110087916,-0.15968403,-0.15875763,0.10604768,0.30524147,0.2665366,-0.21018724,0.16330004,0.38859582,0.04847353,-0.2157467,-0.23015746
165,A,200,0.031294987,-0.4368227,-0.32368296,-0.21073589,-0.11299939,-0.33748937,-0.32618,-0.07115379,-0.27231923,-0.00021613017,-0.21501704,-0.12200241,-0.026791394,-0.23464695,0.14711513,-0.20351683,-0.24272758,-0.015218116,0.19067892,-0.51273394,-0.10604263
166,A,201,0.034053348,-0.36525732,-0.151786,-0.15099175,-0.43202624,0.044949777,-0.18407232,-0.38614148,-0.17713754,0.23203188,-0.19027254,0.3117962,-0.0966168,-0.34716833,0.2047374,0.003120102,-0.13874564,-0.23304513,-0.47248283,-0.3473556,-0.4687162
167,A,202,0.08019011,-0.41381514,-0.16890374,-0.090509325,0.0037553534,-0.30999154,-0.2422621,0.13529932,-0.30401385,-0.34444582,-0.2096866,0.010500103,-0.19342066,-0.120802015,0.2882449,-0.20059691,-0.00615754,0.117945276,-0.059436046,-0.4101786,0.07870817
168,A,203,0.023842584,-0.36511987,-0.531484,-0.20800082,-0.10295279,-0.49670988,-0.30707008,-0.07933533,-0.36410064,-0.19420996,-0.14953168,-0.27055854,0.059481554,-0.3281018,0.16333963,-0.14127824,-0.10004886,0.040633492,0.13233465,-0.54485655,0.075419076
169,A,204,0.14709873,-0.338984,-0.21837068,-0.07545978,-0.2834307,0.013377458,-0.17361483,-0.06846061,-0.108762175,0.10296777,-0.04856056,0.14171658,0.002040349,-0.13050711,0.58852017,-0.028935336,0.15000543,-0.32400796,-0.23976786,-0.6942812,-0.023024637
170,A,205,0.023228878,-0.3992092,-0.06521787,-0.33699685,-0.16328691,0.08026834,-0.5226491,-0.2696349,-0.11721988,0.11987634,-0.2576448,0.09062919,0.054398842,-0.11564286,0.2554538,-0.1063547,-0.077220425,-0.16343482,-0.56281775,-0.6724424,-0.50971
171,A,206,0.0962154,-0.19639754,-0.39412114,-0.15760535,-0.18612061,-0.24977314,-0.4054631,-0.02793166,-0.07574403,-0.418225,-0.16981705,-0.11745843,0.2033016,0.22588342,0.07135461,-0.4779654,0.2097624,0.27685687,0.1341496,-0.5262999,0.04161203
172,A,207,0.062295232,-0.3051947,-0.27447546,-0.16405833,0.0033659935,-0.15546139,-0.25963426,-0.34951544,-0.36377263,-0.26663882,-0.041041162,-0.06923708,0.04806935,-0.0177226,0.10847539,-0.3141137,-0.18831691,-0.030623056,-0.025511283,0.026363473,-0.072507665
173,A,208,0.14662053,-0.56016374,0.023490727,-0.27702653,-0.2019577,0.4603574,-0.13595825,-0.09776524,-0.076787926,0.028951459,0.060939133,0.16733822,-0.24248175,-0.08853701,0.03683515,0.13477339,0.024905287,-0.24351862,-0.4281367,0.026083745,-0.37269735
174,A,209,0.06806435,-0.2916385,-0.0060945153,-0.213938,-0.053417683,0.20289263,-0.50065905,-0.101347804,-0.0064190663,0.11553419,-0.3124725,-0.030990295,0.046149164,-0.00611132,0.1167022,-0.07750653,0.24024549,-0.1693772,-0.5535903,-0.5642817,-0.45048946
175,A,210,0.08530788,-0.113011405,-0.20978402,-0.28754598,-0.12032253,-0.275562,-0.5368161,-0.17496514,-0.34048337,-0.08166166,-0.17481737,-0.21383925,0.2646904,0.09383033,0.44807893,-0.18827426,0.13847935,0.013006635,-0.14747033,-0.3653028,-0.10055016
176,A,211,0.04058496,-0.49295074,-0.30063236,-0.10607837,-0.0037864968,-0.08124894,-0.35291323,0.08992638,-0.30690804,-0.44240373,-0.1523931,-0.1413888,0.17707965,-0.044443186,-0.086679235,-0.2811828,0.13713413,0.06514573,-0.006000735,-0.1646338,-0.6685686
177,A,212,0.0356717,-0.67231214,-0.34835416,0.0614364,-0.14143367,0.079569295,-0.29860142,0.10385892,-0.074033454,-0.3477801,-0.17315,0.289032,-0.50951314,-0.06749277,-0.32319987,-0.27258378,0.0326205,0.11055072,-0.21804976,-0.08775606,-0.43988135
178,A,213,0.066937625,-0.1827441,-0.14626783,-0.40919766,-0.084238276,-0.0416355,-0.45455647,-0.22781973,-0.055224057,-0.045040563,-0.2884843,-0.022134036,-0.10295857,-0.02623929,0.255534,-0.094762936,-0.021167412,-0.100304306,-0.2720539,-0.11075769,-0.20465824
179,A,214,0.042229716,-0.15872425,-0.109619714,-0.2415187,-0.3191897,-0.117886364,-0.24665879,-0.09489659,-0.25783288,0.010890305,-0.22927392,-0.19812524,-0.2087566,0.0849961,0.0005233586,-0.21796282,-0.10254422,-0.070086494,-0.15882747,0.05450666,-0.54049647
180,A,221,0.05244563,-0.10902677,-0.26514345,-0.13238555,-0.028701581,-0.18529199,-0.022853829,-0.06842668,-0.26539928,0.17982459,-0.081429124,-0.66394556,-0.22868876,-0.08122087,-0.104426265,-0.14988112,-0.051463097,-0.10967436,-0.22469771,0.19992544,-0.50120103
181,A,222,0.42156452,0.14692155,-0.14980821,0.08587727,0.25401086,-0.09016646,0.032026418,-0.06233753,0.02406025,0.07795292,0.17440575,0.0468668,-0.29886436,0.22621962,0.27541122,-0.1626079,0.09041609,-0.3727557,-0.5109146,-0.28625184,0.1831838
182,A,223,0.1096249,-0.040572144,-0.17571312,0.049494695,0.042452514,-0.17967913,-0.71826184,-0.42630404,-0.27914125,-0.10101743,0.035855114,0.081857994,0.10557962,0.085837364,0.22734204,-0.32617328,-0.047083855,0.025453366,0.05384534,0.043349855,-0.55169994
183,A,224,0.025100755,-0.568806,-0.46995777,0.011340551,-0.54916143,-0.25396207,-0.717507,-0.21645938,-0.33262914,0.0059815943,0.017547518,-0.51334906,0.26648003,-0.083594695,0.3408205,0.06543039,-0.22331612,-0.035905942,-0.06465333,-0.25313956,-0.08459544
184,A,225,0.012213239,-0.48089162,-0.03272322,-0.37903672,-0.16365394,-0.3840099,-0.2290266,-0.024862874,-0.40495282,0.104756355,-0.22205392,-0.70788735,-0.12977828,-0.09639526,-0.06271359,-0.09279472,-0.28367057,0.06557076,-0.32030797,-0.098597206,-0.44991693
185,A,226,0.32827112,0.015729252,-0.08211444,0.1137299,0.020158991,0.14748389,-0.3205219,0.0668882,-0.24527785,-0.03352575,-0.18675311,-0.34247464,0.25143886,0.10994433,0.2562065,-0.25058478,0.2147065,0.16557023,-0.30913448,0.1751594,-0.48264405
186,A,227,0.008890729,-0.11918983,-0.15282951,-0.43591332,-0.28284162,-0.2975101,-0.7825354,-0.48950315,-0.3637415,0.12893766,0.019277327,-0.2766328,-0.021288645,-0.004629098,0.411918,-0.18757333,-0.07481305,-0.35653907,-0.3980573,-0.57078487,-0.45956624
187,A,228,0.0015948231,-0.6356956,-0.21671402,-0.09039062,-0.46580094,-0.49986076,-0.7151364,-0.18419372,-0.39345136,-0.3630616,-0.045983978,-0.3815131,-0.044926696,-0.17883989,-0.08301074,-0.4258561,-0.34788913,-0.19340912,-0.32493532,-0.2969774,-0.5517496
188,A,229,0.03152269,-0.10563621,-0.16453895,0.010638908,-0.26014036,-0.46066105,-0.10902104,-0.049389042,-0.16077092,-0.3006648,-0.023168415,-0.6366922,0.1294528,0.1818425,-0.046638414,-0.2644376,0.21888727,-0.21527949,-0.30255747,-0.42476544,-0.4414775
189,A,230,0.06275765,-0.16041711,-0.15622523,-0.020460919,-0.15447119,-0.31899288,-0.3362924,-0.30346733,-0.1947219,-0.024974495,-0.14491096,-0.24933407,0.01564725,-0.05232987,0.30398476,-0.26756644,0.088498,-0.05134044,-0.4746259,-0.1049735,-0.096686855
190,A,231,0.0019555935,-0.53614974,-0.18382087,-0.43205634,-0.5363703,-0.44571298,-0.48166716,-0.39909333,-0.17161259,0.029141083,-0.0886296,-0.553476,-0.1497665,-0.11299014,0.051137522,-0.037515625,-0.3081336,-0.25755477,-0.552672,-0.7836693,-0.28449136
191,A,232,0.0030635144,-0.44182014,-0.35490403,-0.049306117,-0.27129346,-0.65965056,-0.4033171,-0.18017596,-0.21620607,-0.19967856,-0.16458367,-0.62706435,-0.09599568,0.20277156,-0.020346403,-0.41554996,-0.27727097,0.16210346,-0.47551188,-0.68624467,-0.6110795
192,A,233,0.0010823512,-0.4772104,-0.056378692,-0.29488114,-0.32443967,-0.7407552,-0.56119025,-0.16535592,-0.5023113,-0.4553273,0.17809522,-0.45990467,-0.29910636,-0.27023816,-0.34058607,-0.38115114,-0.27581894,-0.06200923,-0.3342908,-0.60758805,-0.397088
193,A,234,0.010005259,-0.39878556,-0.097979635,0.049026754,-0.34072793,-0.4565921,-0.15998772,0.24242206,-0.31482708,-0.30228588,-0.08224793,-0.47018197,-0.18349193,0.05958265,-0.13161829,-0.44133633,0.06416814,-0.11307697,-0.61303484,-0.56231034,-0.34130403
194,A,235,0.03751961,-0.1358611,-0.17526096,-0.05143276,-0.29715067,-0.40719217,-0.18629979,0.089391,-0.11132474,-0.10713469,-0.05390419,-0.41179022,-0.11094181,0.2053875,0.08657107,-0.26368958,0.27303663,-0.1433495,-0.5356121,-0.5478835,-0.36020803
195,A,236,0.25875917,0.00012372434,-0.0509167,0.12106973,0.15887693,-0.3475865,-0.09282014,-0.033502504,0.042492025,-0.20493048,0.17241952,0.12153771,-0.34516704,0.20233396,0.39992923,-0.48811263,0.3873006,-0.2882794,-0.32031858,-0.2286284,-0.25824887
196,A,237,0.0128128575,-0.67820215,-0.3581569,0.05108024,-0.31667447,-0.49326637,-0.3792757,0.11912054,-0.37917048,-0.25477752,-0.050935425,-0.41306052,-0.015054699,0.3479191,-0.058344007,-0.22882487,0.020881243,-0.014833439,-0.11761981,-0.46593004,-0.6592852
197,A,238,0.0058996477,-0.40433884,-0.2450011,-0.052234616,-0.21692821,-0.5491908,-0.3980218,0.1332604,-0.34757566,-0.2764469,0.024020161,-0.5521804,-0.03159646,0.01848281,-0.31853908,-0.29691133,0.12734394,0.04287742,-0.2412731,-0.71600723,-0.82668424
198,A,239,0.065654546,-0.19217078,-0.25255913,0.099892646,-0.11142561,-0.2312367,-0.25491947,0.04515153,-0.13884977,-0.19049454,-0.05997445,-0.34730968,0.0046122186,0.1657462,-0.1256772,-0.41193712,0.2773548,0.07108745,-0.2520181,-0.051895164,-0.69881666
199,A,240,0.03985497,-0.23035303,-0.04537186,-0.0013082922,-0.28363225,-0.32013905,-0.23933019,0.007923,-0.3372336,-0.34189507,0.07507111,-0.11595869,-0.16365445,-0.0292269,-0.16814475,-0.21019934,0.11998984,-0.17102587,-0.25381127,-0.12984441,-0.34369236
200,A,241,0.42500716,-0.017670423,-0.34227952,0.14488697,-0.14185196,0.18231751,0.11653018,-0.025352178,-0.22771797,-0.24765426,0.109797,-0.12928504,-0.15369174,0.22279221,-0.039850645,-0.39516488,0.46709555,0.140831,-0.37048978,0.6460502,-0.24154365
201,A,242,0.2132441,-0.12577932,-0.056376934,0.014535822,-0.07300846,-0.3255179,-0.49516234,-0.05023936,-0.30567452,-0.06821357,0.07813984,0.013695052,-0.060396224,0.37695593,0.27507913,-0.2532855,0.15701297,-0.1520208,-0.3020514,0.23204857,-0.1852214
202,A,243,0.044011448,-0.174677,-0.16808166,-0.08692869,-0.45948544,-0.4918092,-0.31944916,0.05141961,-0.37433738,-0.16147283,-0.014054,-0.44298434,0.08550712,0.3169748,0.042925067,-0.28840926,0.17665811,-0.13244797,-0.2064563,-0.27854374,-0.15264381
203,A,244,0.044416294,-0.32367676,-0.22995642,0.15264922,-0.058758307,-0.30145168,-0.17374602,-0.085703894,-0.4442397,-0.0038593542,-0.1660191,-0.2582354,0.12430288,0.20533766,-0.02461125,-0.31180817,0.026587598,-0.2830402,-0.26979792,-0.2688787,-0.37381047
204,A,245,0.013221547,-0.23970214,-0.038909942,-0.17033753,-0.27735347,-0.12022199,-0.487185,-0.18737474,-0.3097551,-0.20568508,-0.082073964,-0.42780727,-0.014177337,0.3278085,-0.022068493,-0.29762858,0.021699384,-0.15360363,-0.3148332,-0.67935276,-0.63403547
205,A,246,0.015356326,-0.1995771,-0.16079405,-0.032462656,-0.32718673,-0.21695362,-0.13881811,-0.18855803,-0.39885843,-0.35296032,-0.15681155,-0.34265053,-0.14934826,-0.053947583,-0.16288796,-0.4644851,-0.011329278,-0.11453153,-0.22281058,-0.34513998,-0.120640844
206,A,247,0.005592364,-0.1040843,-0.17164877,-0.29141217,-0.41267785,-0.37526464,-0.07596865,-0.17678256,-0.55177295,-0.14018275,-0.07979284,-0.26589152,-0.35481238,0.1521191,-0.2214351,-0.4820983,-0.1786502,-0.19239178,-0.25000012,-0.5432218,-0.46477556
207,A,248,0.0023651505,-0.38333902,-0.18317766,-0.028461829,-0.5323928,-0.4826342,-0.5320911,-0.20751454,-0.35762876,-0.44858056,-0.109414175,0.033081755,-0.62844735,0.054085955,-0.073821396,-0.7042979,0.13384481,-0.19709994,-0.30371872,-0.739264,-0.35367447
208,A,249,0.010645171,-0.31827673,-0.08708403,-0.2645002,-0.28049952,-0.41635314,0.0036092699,-0.17081097,-0.1085107,-0.32496572,-0.028394654,-0.21601692,-0.19599363,0.16688156,-0.20323758,-0.39563653,0.20798758,-0.2909064,-0.33257782,-0.69591355,-0.5807469
209,A,250,0.0053002327,-0.10667466,-0.03391193,-0.11727218,-0.37347192,-0.33085108,-0.5691786,-0.27595007,-0.3060105,-0.2996729,-0.15165888,0.23519439,-0.6971644,0.045578696,-0.18418029,-0.40487075,-0.13342091,-0.4705801,-0.3632474,-0.12700492,-0.57034165
210,A,251,0.012514725,-0.3967579,-0.05918108,-0.038296353,-0.38212922,-0.05511418,-0.09917475,0.13321814,-0.5124122,-0.196476,-0.14994703,-0.26834187,-0.4225777,-0.068927824,-0.025988191,-0.014750689,-0.18213883,0.015841909,-0.5226179,-0.484029,-0.638455
211,A,262,0.010889131,-0.3319336,-0.2157867,0.048412226,-0.28542012,-0.38989368,-0.20557165,-0.1748176,-0.31161958,-0.3118487,-0.04725538,-0.17035095,-0.10181344,0.40303278,-0.049295485,-0.07001299,0.28816304,-0.26936832,-0.3287525,-0.9759065,-1.0090022
212,A,263,0.006220962,-0.017797954,-0.2628711,-0.19569774,-0.44990772,-0.27331817,-0.3337334,-0.3054653,-0.37725377,-0.38080168,-0.1373103,-0.20387861,-0.20846161,0.12631826,-0.064616054,-0.34343582,-0.12351694,-0.22840673,-0.25483087,-0.6444843,-0.39412016
213,A,264,0.01604647,-0.13931009,-0.103744596,-0.26381665,-0.30928934,-0.27715474,-0.45404285,-0.20386627,-0.13802427,-0.19231772,-0.007607773,-0.38027632,-0.05050917,0.3100943,0.07705204,-0.17091882,0.051627114,-0.2978793,-0.46645007,-0.6991135,-0.4005419
214,A,265,0.006044115,-0.28358823,-0.112205625,-0.0419365,-0.58006465,-0.3420272,-0.62897015,-0.40510064,-0.3510821,-0.33249024,-0.081398785,-0.04641001,-0.29965368,0.13407212,0.18975177,-0.5037936,0.047487184,-0.21993268,-0.2398136,-0.7784668,-0.2269843
215,A,266,0.007992938,-0.38582563,-0.25227338,-0.084305555,-0.38409775,0.016839236,-0.577953,-0.10301372,-0.3746236,-0.44268072,-0.1306094,-0.49227306,-0.011436671,-0.21096276,-0.22031017,-0.094404206,-0.0077427793,-0.20158294,-0.39046144,-0.2621429,-0.21131113
216,A,267,0.030893542,-0.06519072,-0.07564688,-0.23013875,-0.34010044,-0.4975223,-0.39374092,-0.19968933,-0.07982631,-0.20094335,-0.24818368,-0.19615681,0.13781968,0.21864134,0.22154827,-0.28676283,0.1376748,-0.13791776,-0.31829214,-0.790212,-0.101187244
217,A,268,0.018691933,-0.5044514,-0.32780087,0.029744744,-0.30054766,-0.24585982,-0.47320047,-0.13559556,-0.30740038,-0.21430093,-0.20935288,-0.41507095,0.30546534,0.13019788,-0.044772018,-0.1809062,0.27099803,0.11335503,-0.15842657,-0.69331384,-0.5995556
218,A,269,0.038948316,-0.075244814,-0.19817801,-0.3240652,0.0023618527,-0.39571214,-0.34093204,-0.15289578,-0.13932174,-0.27654633,-0.18499467,-0.058746643,-0.03166078,0.14535423,0.22607146,-0.22795013,-0.013857506,-0.2544636,-0.3461169,-0.53177,-0.027123928
219,A,270,0.07791172,-0.29158986,-0.15826747,0.101375744,-0.018212166,-0.5096284,-0.22730803,0.29246438,-0.29608712,-0.37991846,-0.18381211,-0.32928914,0.10700077,0.15307716,0.006146658,-0.5454035,0.14692563,0.16934279,0.07851957,-0.37728265,-0.2091183
220,A,271,0.015512967,-0.41458693,-0.13927458,0.05608671,0.038743917,-0.039681442,-0.4386239,0.0797251,-0.25048357,-0.23811267,-0.16932204,-0.5646283,-0.028274566,-0.07305589,-0.009943269,-0.29367372,0.063905984,-0.14508754,-0.49702716,-0.6887322,-0.39839837
221,A,272,0.15910052,-0.4383394,-0.18988141,0.01811567,-0.29659373,0.19060378,-0.6440843,0.07146716,-0.2128045,-0.073346645,0.01547873,0.08025699,0.08457736,0.10615133,0.24030541,-0.036236033,0.06499809,-0.31856796,-0.38046736,0.0025127865,0.050918058
222,A,273,0.32660422,-0.25371343,-0.057464205,0.04598105,-0.23992383,-0.012143679,-0.55170065,0.080598734,-0.06571982,-0.057051733,-0.15006734,0.17319703,0.058266044,0.28406546,0.27602518,0.00042552128,0.24979386,-0.057935365,-0.4416138,-0.15994754,0.15534434
223,A,274,0.097991265,-0.20419338,-0.10662462,-0.24239966,0.056822576,-0.2403541,-0.33149517,0.11944132,-0.42143738,-0.2981392,-0.15436095,-0.1560969,-0.13033392,0.31225613,0.19402435,-0.1549195,0.2638228,0.09844911,-0.42190138,-0.16278037,-0.23952562
224,A,275,0.02092266,-0.5300938,-0.15747869,0.017133668,-0.46183693,-0.08339906,-0.47325665,0.015189886,-0.51298857,-0.110308595,-0.27933386,-0.073105425,-0.06999105,0.17983425,0.2020289,-0.08871052,0.25742772,-0.20421466,-0.66911435,-0.5201616,-0.28339833
225,A,276,0.05458482,-0.12590614,-0.23996198,-0.56189185,-0.2935374,-0.11297769,-0.6820272,-0.07256244,-0.25315905,0.073177606,-0.12508214,0.021804877,0.21565628,-0.091235474,0.68994105,-0.005993396,0.035370693,-0.23321782,-0.37240416,-0.65835357,-0.05950866
226,A,277,0.2170428,-0.18489553,-0.051208153,-0.10292705,-0.15438175,-0.18540564,-0.5125532,-0.07450611,-0.38472492,-0.16418698,-0.20595515,-0.01966085,0.20496915,0.29476908,0.23519754,-0.12240403,0.06600468,-0.035816267,-0.15266539,0.15214652,0.11522071
227,A,278,0.01997779,-0.44589555,-0.082972705,0.030050967,-0.14458854,-0.17520009,-0.6022522,0.07102659,-0.40261972,-0.24475625,-0.26901168,-0.53486013,0.33126545,-0.04714927,0.4323107,-0.3318213,0.016436808,-0.06686746,-0.5661111,-0.5548766,-0.30506223
228,A,279,0.049146138,-0.515499,-0.22148731,-0.13569039,-0.15859543,0.082336225,-0.61599267,-0.26832664,-0.5488873,-0.0903666,0.027553156,0.05284295,0.10323845,-0.08275346,0.33491948,-0.019224465,-0.07415795,-0.26910216,-0.30338866,-0.26893234,0.008951973
229,A,280,0.042232823,-0.16544758,-0.13724837,-0.5424193,-0.17487216,-0.42599487,-0.50157607,-0.1309202,-0.26525232,-0.06596613,-0.15662596,-0.1231343,0.23417534,0.06653501,0.50963986,-0.33141088,0.13924216,-0.09991519,-0.4003014,-0.7912166,0.2413019
230,A,281,0.29728007,-0.079915285,0.042438827,-0.07303737,-0.15471405,-0.19263384,-0.0647884,-0.035400674,-0.2383125,-0.093926646,0.14871307,0.020561785,0.18421681,0.17844546,0.6982274,-0.43022314,0.20205522,-0.14744751,-0.36159533,-0.5396749,0.07672725
231,A,282,0.027832726,-0.6147938,-0.035843253,-0.19525948,-0.25867411,-0.087713555,-0.45357925,-0.23877114,-0.7599484,-0.16054554,0.06644791,-0.14224279,0.25891808,-0.03933549,0.25880224,-0.22114745,-0.13757844,-0.092812,-0.36584148,-0.36630338,0.032905765
232,A,283,0.16024232,-0.27096725,-0.0985346,-0.10419795,-0.09357365,-0.26313695,-0.10894205,0.00028599333,-0.10145202,-0.30139792,0.21503872,0.087425455,0.056962777,0.043790773,0.8045962,-0.23189056,0.27086413,-0.42807132,-0.44441396,-1.0297606,0.34094852
233,A,284,0.063396715,-0.10884375,-0.220535,-0.36695772,-0.29520977,-0.41905004,-0.29529864,-0.08680056,-0.27559793,-0.022048682,-0.16663286,-0.12114661,0.116174206,0.05235835,0.15052277,-0.25213572,0.1266103,0.016904246,-0.051982917,-0.5602447,0.087067194
234,A,285,0.018762982,-0.51779675,-0.17708115,-0.13250831,-0.28618512,-0.097750425,-0.19338611,-0.12737447,-0.40698966,-0.047451556,-0.22835687,-0.33430022,0.27677676,-0.20186333,0.11534524,-0.2315464,-0.11105466,-0.14183733,-0.33498186,-0.50609535,-0.2724905
235,A,286,0.02539474,-0.6308162,-0.23278093,-0.02910503,-0.25625324,-0.010087561,-0.5538249,-0.2386904,-0.6242777,-0.040007513,-0.07062547,-0.035984766,0.080733135,0.026379623,0.22977436,-0.068834685,-0.22770156,-0.22248963,-0.25924057,-0.44607314,-0.03758426
236,A,287,0.09136822,-0.15382597,-0.46067518,-0.14131026,-0.30178368,-0.16676237,-0.16891176,0.10729828,-0.2793741,-0.32280883,-0.10105726,0.0622482,0.045943014,-0.053582236,0.3124652,-0.21299848,0.02076755,-0.1728575,0.003628835,-0.5139436,0.20049806
237,A,288,0.02877772,-0.3104056,-0.31593332,-0.33080697,-0.14911416,-0.63120073,-0.18189783,0.018745847,-0.22759733,-0.13966024,-0.16316348,-0.16970207,0.0034192093,0.011319734,0.028905392,-0.056793902,-0.10256499,0.06074246,0.08470692,-0.7624056,-0.18554729
238,A,289,0.039953478,-0.46866554,-0.24377239,-0.0008966923,-0.4920552,0.095363095,-0.29016963,-0.010720246,-0.359408,0.112995915,0.0145454705,-0.23254536,0.11630371,-0.31837007,0.23243006,-0.0355848,-0.056505844,-0.21469145,-0.34217826,-0.43655103,-0.24878955
239,A,290,0.06408426,-0.61351395,-0.3974901,0.023497358,-0.22196293,0.23110445,-0.40552914,0.059852306,-0.18610588,-0.16824242,0.10523538,-0.15705882,-0.084617734,-0.54131067,0.3023783,-0.07830205,-0.14926426,-0.2572215,0.01881691,-0.2480306,0.08643865
240,A,291,0.05443174,-0.30462974,-0.26994646,-0.36187106,-0.30332434,-0.24095735,-0.20934471,-0.14920014,0.03724943,0.020420909,-0.047127828,-0.17311066,-0.12673691,0.10715775,-0.029023316,-0.23222604,-0.16583247,0.00881749,-0.0068510026,-0.4754979,0.06719583
241,A,292,0.037175484,-0.43593574,-0.39638555,0.22788754,-0.26559985,0.0033778101,-0.245947,-0.1472945,-0.19765793,0.006550491,-0.26668122,-0.05909726,0.097199425,0.012704112,0.19585845,-0.02072474,0.15501127,-0.046670318,-0.28730989,-0.79780865,-0.7856982
242,A,293,0.053136922,-0.5904623,-0.3298383,-0.10109332,-0.31052116,0.45092386,-0.3052681,0.023733841,-0.2009517,0.016166165,0.12314967,-0.14785498,-0.11402644,-0.5991337,0.23303111,-0.0012407042,-0.10361213,-0.41081688,-0.3236506,0.0030944273,-0.19191125
243,A,294,0.3040675,-0.31903148,-0.350395,0.08035274,0.15159577,0.07192463,-0.100939974,0.36130244,-0.01681786,-0.021873116,-0.05603411,-0.111679494,-0.20828874,-0.2514988,0.20553204,-0.33067203,0.032147005,0.07272529,-0.15472493,-0.012890995,0.1312637
244,A,295,0.02179753,-0.42673704,-0.25427163,0.062565565,-0.28208733,-0.26473102,-0.72440976,-0.2897355,-0.33180535,-0.03001216,0.10380557,0.31445312,-0.31653595,-0.17829621,0.23741257,-0.29797262,-0.11904624,-0.15099499,-0.34834677,-0.4538622,-0.05331228
245,A,296,0.03240782,-0.67614293,-0.13001378,0.108584546,-0.24770714,0.17202757,-0.62719935,-0.2820387,-0.2588345,-0.094556704,0.14821339,0.2126171,-0.18672672,-0.29113963,0.059813254,-0.15630375,-0.22053912,-0.29757398,-0.38967493,0.18419531,-0.42341083
246,A,297,0.23714237,-0.38990423,-0.19265074,-0.08947075,0.0776984,0.4816158,-0.23502332,0.06321475,-0.08040285,0.10101475,-0.008800775,-0.1625203,-0.31831467,-0.32834068,0.23107535,-0.14859559,-0.028155781,-0.2805366,-0.4154672,0.5043702,0.050783537
247,A,298,0.4750447,0.101049356,-0.08871201,0.104561344,0.095372215,0.012651056,-0.35564256,-0.054532796,0.20913061,-0.05856476,0.026211508,0.29012173,-0.26708478,-0.06657231,0.50443614,-0.28185472,0.06855967,-0.36762944,-0.111769795,0.19378197,-0.053416714
248,A,299,0.01961017,-0.30811635,-0.078165986,-0.23894694,-0.2519678,0.22928299,-0.6658821,-0.33054525,-0.19780852,0.029157713,-0.08317198,0.24831104,-0.1702072,-0.23153588,0.28439206,-0.0819799,-0.15352273,-0.401354,-0.56142634,-0.26888174,-0.679533
249,A,300,0.13500263,-0.31251237,-0.16174597,-0.10775114,-0.29527763,0.6138355,-0.23980159,-0.08419323,-0.059815466,-0.023096785,0.078124404,0.16474807,-0.32313374,-0.4517922,0.246745,0.15965249,-0.19846748,-0.49956477,-0.49815857,0.34613028,-0.21135697
250,A,301,0.65459424,-0.013527095,-0.1695008,-0.15058625,0.14625281,0.51764363,-0.2294255,0.32672217,0.119835496,0.060713716,0.1308774,0.20402597,-0.40728462,-0.44591844,0.33685768,0.008247808,-0.27030462,-0.24514584,-0.12844527,0.67133105,0.1769263
251,A,302,0.045530368,-0.09915927,-0.20838122,-0.374069,-0.262681,-0.04713998,-0.48519838,-0.27485478,-0.13935941,0.18954426,-0.010213405,0.22227077,-0.4195354,-0.34450457,0.40430468,-0.116984025,-0.23429069,-0.34895697,-0.26308107,-0.12945858,-0.101028144
252,A,303,0.0059316484,-0.5910342,-0.11202305,-0.10673857,-0.44836074,0.010203876,-0.9862287,-0.52063626,-0.17303963,0.049212225,0.16166979,0.43405846,-0.7477664,-0.34604394,0.25431567,-0.17316476,-0.42384765,-0.24065381,-0.4823119,-0.2600211,-0.41909295
253,A,304,0.01441418,-0.21657424,-0.25906557,-0.101746194,-0.08784221,-0.03929549,-0.5439227,0.32103157,-0.2859264,0.041599944,-0.27488992,-0.026850171,-0.2818876,-0.38746607,0.10723263,-0.41949433,-0.22541906,-0.2750068,-0.6679401,-0.14638993,-0.45517126
254,A,305,0.048867483,-0.21474999,-0.15062952,-0.1784926,-0.087653995,-0.08406895,-0.48198336,0.12525983,-0.16065808,0.18883327,-0.2736622,0.16630459,-0.37652946,-0.09265414,0.44458154,-0.020801723,-0.02125378,-0.3898461,-0.4594767,-0.37572095,-0.5253386
255,A,306,0.02115997,-0.35819867,-0.21103129,-0.060854357,-0.2595502,-0.29233265,-0.34317824,-0.12510164,0.02209536,0.06473471,-0.041898884,-0.13915667,-0.16411552,-0.119278714,0.100735866,0.03807278,-0.026399106,-0.06938891,-0.23600337,-0.56895393,-1.0444537
256,A,307,0.08356961,-0.29112157,-0.09549531,-0.020280294,-0.003702879,0.3890428,-0.31179184,-0.03804328,-0.23219697,0.22661904,-0.07629925,-0.16244312,-0.3005559,-0.23830095,0.22639176,-0.2792972,-0.111061655,-0.26802984,-0.47100306,0.27653843,-0.613775
257,A,308,0.15407474,-0.04061658,-0.17966765,-0.25640196,0.05274889,0.028945357,-0.18100494,0.10714268,-0.33325386,-0.050183818,-0.10918373,-0.14128552,-0.18685307,-0.344987,0.22673297,-0.12487452,-0.21525791,-0.030024238,0.20701623,0.1951341,-0.32711858
258,A,309,0.039582044,-0.3912977,-0.22444573,0.123423025,-0.14269269,-0.31577814,-0.6165428,0.10584006,0.056495838,-0.08833481,-0.11285046,-0.11445807,-0.13864978,0.08199926,0.14797175,-0.37919688,-0.048454918,-0.00010030717,-0.23715347,-0.17532395,-0.7194432
259,A,310,0.08440016,-0.2972969,-0.107029654,0.08192597,0.16490328,0.3250213,-0.41543317,0.1121254,-0.26818794,0.18327373,0.012893833,-0.33285055,-0.22964385,-0.40305817,0.125593,-0.029766187,-0.21748674,-0.24200828,-0.4179177,0.12321999,-0.5522872
260,A,311,0.46220565,-0.28890732,-0.34979665,0.31622386,-0.20293696,0.30199915,-0.1416127,0.14610094,0.024002317,0.09465744,0.06929204,-0.085897945,0.022069097,-0.18061425,0.08769338,-0.07796089,0.13560203,-0.071634844,0.06655311,0.22126828,-0.23756641
261,A,312,0.0643738,-0.020857845,-0.044984564,0.04489316,-0.081016965,-0.21872616,-0.6245589,0.058565564,-0.20478266,-0.13425478,-0.15672241,-0.060102813,-0.07870079,-0.12345806,0.31487232,-0.18045579,-0.19364858,-0.16134626,-0.20072295,-0.18553293,-0.42496783
262,A,313,0.0060555586,-0.40655333,0.0041151494,-0.17013903,-0.20569715,-0.41643465,-0.61024445,-0.050511822,-0.25123808,0.14110145,-0.21423131,-0.36915025,-0.13834962,-0.08742008,0.100303926,-0.39906564,-0.26428065,-0.3032393,-0.57591724,-0.40830952,-0.47544295
263,A,314,0.015425501,-0.32671946,-0.23578194,-0.029729573,-0.2865386,0.09171049,-0.078023314,0.3448899,-0.13762233,-0.05386289,-0.2246804,-0.33530137,-0.3730383,-0.45463285,-0.19449411,-0.42995495,-0.09258005,-0.19452175,-0.7157753,-0.26144895,-0.1680818
264,A,315,0.17550075,-0.14670065,-0.07324729,-0.16327685,-0.50936633,0.3118346,-0.37047893,0.12488564,0.23664281,0.075405516,0.3356077,0.1438849,-0.3588494,-0.10972087,0.1463341,-0.2993208,-0.18203974,-0.35441923,-0.12886769,0.060264558,-0.28570503
265,A,316,0.006392608,-0.32538158,-0.10536394,-0.20161867,-0.4605355,-0.731688,-0.54985785,-0.14664772,-0.053924374,-0.16452149,-0.15904245,-0.2196943,-0.39693782,-0.0752384,0.28421238,-0.24669105,-0.21755086,-0.20757787,-0.21482846,-0.6440273,-0.2092849
266,A,317,0.0017385796,-0.6314962,-0.034689642,-0.2398572,-0.42189994,-0.43320113,-0.4826709,0.044510983,-0.4169895,0.06649298,-0.28605446,-0.7872294,-0.32710543,-0.13070837,-0.08551625,-0.14076254,-0.48191112,-0.04057614,-0.57615036,-0.6159377,-0.3311946
267,A,318,0.0636138,-0.45451102,-0.19117597,0.18748385,-0.45424986,-0.031872943,-0.30742267,0.25359365,-0.2876386,-0.028556459,0.19518629,-0.18392166,-0.22364174,-0.12113805,0.14883709,-0.18081605,-0.014972113,-0.023563907,-0.25745213,0.08473969,-0.79810476
268,A,319,0.020883769,-0.32042506,-0.04445255,-0.391393,-0.31605053,-0.28730643,-0.3981331,-0.13341339,-0.12660116,-0.110634394,0.006912507,0.029148698,-0.24629486,-0.30540594,0.1174743,-0.35775363,-0.11807393,-0.27276185,0.124672174,-0.06274468,-0.6344414
269,A,320,0.016871998,-0.57091665,-0.19084339,-0.38869283,-0.7024106,-0.105606884,-0.5904519,0.11787304,-0.46068007,0.046560824,0.2780057,-0.29779005,-0.18661374,-0.24026868,0.13181023,0.09178233,-0.16378793,-0.2795161,-0.120718226,-0.252347,-0.18047199
270,A,321,0.043333672,-0.23816293,-0.026112027,0.022859424,-0.33362895,-0.24426895,-0.34313872,-0.05306851,-0.36229384,-0.046900526,-0.14012468,-0.16279668,0.054808497,0.12922809,0.060464397,-0.09956931,-0.13055368,-0.22688335,-0.2964362,-0.1271921,-0.5307548
271,A,322,0.008744057,-0.43571436,-0.09386989,-0.16386068,-0.34665838,-0.33442476,-0.5447327,0.12212053,-0.34505838,0.19617268,-0.19338906,-0.33563343,-0.035676368,0.122410566,0.09822806,-0.31479,-0.10683405,-0.3352813,-0.57085544,-0.617821,-0.49493054
272,A,323,0.008462623,-0.49878776,-0.232899,-0.1926015,-0.63115084,-0.35782892,-0.36964145,-0.038505845,-0.15324368,0.0048565604,-0.3132604,-0.09883606,-0.26323485,0.028042711,0.14628223,-0.1676575,-0.34756175,-0.32120088,-0.14624703,-0.5626552,-0.247466
273,A,324,0.006666572,-0.49427444,-0.053191826,-0.1162096,-0.56320024,-0.6717699,-0.36955014,-0.09885065,-0.22123581,0.23645136,0.114049755,-0.20781603,-0.32762423,-0.06236729,-0.11475685,0.026934836,0.023131654,-0.23079869,-0.21252494,-0.71499467,-0.9453629
274,A,325,0.015602011,-0.34657216,0.0731055,0.13987666,-0.23594755,-0.50285685,-0.4943156,-0.105594374,0.12536381,-0.019334242,-0.32226634,-0.19047162,-0.28539643,0.093955025,0.2417602,-0.18547973,-0.12318848,-0.36322865,-0.38650033,-0.54430616,-0.7132334
275,A,326,0.0029896095,-0.43627766,0.039811395,-0.61965215,-0.4599873,-0.28928947,-0.36281663,-0.0903063,-0.28064948,0.27398685,-0.21229264,-0.44855204,-0.4127585,-0.105065,-0.11189246,-0.15298079,-0.36784884,-0.19724268,-0.49737668,-0.6110986,-0.467329
276,A,327,0.01966499,-0.74894154,-0.06516196,-0.05911666,-0.55268925,-0.21379612,-0.3732468,-0.00037472695,0.13211305,0.1535323,-0.17235053,-0.38664824,-0.22409749,-0.010240458,0.27387396,-0.2565549,0.014333114,-0.2082511,-0.405295,-0.48693356,-0.31920868
277,A,328,0.00442545,-0.650306,-0.08159817,-0.23967183,-0.5704037,-0.25435102,-0.3927953,0.053400964,-0.11245464,0.120110855,-0.16316164,-0.25779796,-0.3524114,-0.13732266,0.13217266,-0.10686186,-0.11168751,-0.360561,-0.50609106,-0.7417307,-0.6824261
278,A,329,0.0065440405,-0.5729161,-0.16714057,-0.2158587,-0.5354652,-0.71381825,-0.4057541,0.016989872,-0.20507996,0.3252751,-0.17677432,-0.08790305,-0.35061383,-0.028616827,-0.20980209,-0.35048395,-0.062823616,-0.023010775,-0.5357092,-0.43309158,-0.29003766
279,A,330,0.029956657,-0.38258645,-0.0020836815,0.0149966255,-0.18925789,-0.44154513,-0.6848629,-0.20265444,-0.22990611,0.08394178,-0.2805917,-0.050268147,-0.16603446,-0.024071597,0.39118814,-0.058864772,-0.2564195,-0.2654883,-0.12427166,-0.5190934,-0.08971539
280,A,331,0.04863615,-0.48128745,-0.04028053,0.35775614,-0.05013966,-0.25092274,-0.5260829,-0.011182154,-0.3000437,-0.03985113,-0.09477927,-0.26694635,-0.316808,-0.0867449,0.2154691,-0.21778238,-0.25173637,-0.1919235,-0.2688994,0.107257456,-0.25860146
281,A,332,0.011451969,-0.66475594,-0.07424109,-0.18229815,-0.23766425,-0.09480471,-0.3856911,0.121052235,-0.10570296,0.33052105,-0.39603794,-0.35646683,-0.32777125,-0.25872135,0.2003665,-0.037725776,-0.3429013,-0.2130226,-0.45658344,-0.5991046,-0.37652212
282,A,333,0.034508366,-0.36022064,-0.08140159,-0.3593932,-0.123943776,-0.33800262,-0.44015908,0.063482076,-0.044670038,0.02882994,-0.051583648,-0.059874523,-0.40212858,-0.21754307,0.2779465,-0.17139359,-0.26702198,-0.091996856,-0.040972717,-0.3603494,-0.29103863
283,A,334,0.0839841,-0.099370174,-0.18186325,-0.23640227,-0.21653414,-0.4640151,-0.42870826,0.03273894,0.16977878,0.18363024,-0.016066149,0.08006146,-0.17420208,-0.005638443,0.5296863,-0.09850137,-0.16039923,-0.16773379,-0.19227839,-0.6702785,-0.27331063
284,A,335,0.05520054,-0.3595938,-0.16252291,-0.25045812,-0.2982968,-0.25495368,-0.38883045,-0.13703543,0.07179348,0.06284237,-0.0005088523,0.14482783,-0.048748575,0.053995892,0.08747338,-0.17250279,-0.34428567,-0.11876289,-0.078890756,-0.13975687,-0.5057849
285,A,336,0.24714053,-0.16510352,-0.062395073,-0.062989235,-0.19849746,0.19793783,0.081163794,0.071035996,-0.17413086,0.11028749,-0.15743244,-0.09771724,-0.39651373,0.04885954,0.1409392,-0.01777801,-0.069979325,-0.16799507,-0.11153349,0.17502971,-0.25710958
286,A,337,0.3832586,-0.20858751,-0.046356656,-0.25342122,-0.19696587,0.030150425,-0.19767763,-0.31852633,0.119852155,0.52280915,-0.14454976,0.39409304,0.0024243817,0.28504455,0.3898729,-0.068266004,-0.13656327,-0.15812346,-0.0038064122,-0.20121789,-0.2859245
287,A,338,0.086355954,-0.21106201,-0.2717297,0.054801736,-0.33553016,-0.6665721,-0.7189755,-0.1600552,-0.082491875,0.070648775,-0.007537693,0.11359051,0.14014488,-0.013497025,0.58974314,0.12427379,-0.29974562,-0.12330483,0.051003695,-0.31849456,-0.2941735
288,A,339,0.09926371,-0.20607111,-0.0335372,-0.03725785,-0.36753464,-0.2371048,-0.19643724,0.17041346,-0.15907174,0.03207458,-0.2388792,-0.37523583,0.12781751,-0.13150291,0.36334172,-0.0728718,-0.1148857,-0.32693875,-0.09478657,-0.13168672,-0.1752777
289,A,340,0.38960233,-0.08218833,0.13094115,0.05217094,-0.11893932,-0.09054058,-0.20604968,-0.045752577,-0.050958134,0.10617985,0.020697877,0.17025438,-0.16826436,0.06951739,0.21252623,-0.16554631,-0.22297283,-0.070225686,0.04371558,0.043482885,-0.07703261
290,A,341,0.180949,-0.06558435,0.0069086254,-0.052124076,-0.1971951,-0.1649184,-0.49430752,-0.012429953,0.079130314,0.042041868,-0.13681068,0.11149928,0.052016504,-0.059252374,0.46497154,-0.052862532,-0.099946015,-0.14458962,-0.2539572,-0.22627409,-0.3062475
291,A,342,0.057552636,-0.11358744,-0.054461993,-0.34641713,-0.42264974,-0.35528222,-0.5023638,-0.078032315,-0.07613964,0.2626027,-0.15436731,0.25050068,-0.27412912,-0.045323424,0.4263961,-0.15481645,-0.14572829,-0.1200846,-0.10092614,-0.36687028,-0.42409998
292,A,343,0.32030594,-0.25910836,-0.09032119,-0.16609019,-0.052751593,0.24255903,0.06649196,0.26781458,-0.1563748,0.13018927,0.12154848,-0.058524325,0.0099546835,0.025309369,0.27636582,-0.3700339,-0.05377359,-0.3180637,0.026830107,-0.07592106,-0.31846678
293,A,344,0.38204277,-0.3613237,-0.21126747,0.24209785,0.0025830418,-0.13319236,-0.19114885,0.3453074,-0.11268586,-0.13035545,0.059825942,0.16246432,-0.34187388,0.08818155,0.109500736,-0.48783624,0.042694487,0.14504823,0.18251346,0.25107118,-0.14249095
294,A,345,0.14261569,-0.167264,0.057712123,-0.3643716,-0.27577847,-0.17116344,-0.4006102,-0.33453044,0.06276007,0.17960414,0.0386661,0.40212935,-0.20701468,-0.00516079,0.33749264,-0.35508302,-0.13541293,-0.05930217,0.03896977,-0.21872501,-0.21664995
295,A,346,0.05751249,-0.4260041,-0.18863416,-0.16994247,-0.19133167,-0.09977329,-0.31907135,0.23614289,-0.3297804,-0.122100875,-0.04369849,-0.32213834,-0.086601436,-0.3756741,0.11347696,-0.46262187,-0.25327104,-0.06684405,0.22128116,0.20885257,-0.1187864
296,A,347,0.27896175,-0.33590668,-0.16839336,-0.25090057,-0.2167112,0.101629764,0.091468096,0.38536778,-0.06445405,0.049937,0.08367011,-0.32598287,-0.06873327,-0.27872252,0.027594805,-0.26322693,0.046290282,-0.24970981,-0.17462006,0.46854624,0.19323972
297,A,348,0.23762551,-0.22861777,-0.11858541,-0.09434339,-0.08398436,-0.037564684,-0.06370658,0.3276135,-0.048659325,0.057955254,0.106378496,-0.06961788,-0.2115623,-0.01926022,0.043192074,-0.63071126,-0.21876253,-0.02781232,-0.11284361,0.25565964,0.009490639
298,A,349,0.059788883,-0.14931905,-0.011620484,-0.34844935,-0.44600788,-0.4607396,-0.18782713,-0.007938156,0.09034608,0.07829206,0.037921377,-0.086136244,-0.3369848,-0.038074628,0.1994358,-0.37946612,-0.19337003,-0.1877164,-0.23148261,0.037322167,-0.13346985
299,A,350,0.01766729,-0.6373552,-0.1310029,-0.32336515,-0.4286896,-0.28115493,-0.19396959,0.13820864,-0.33850163,-0.2584824,0.15371457,-0.2407848,-0.19056311,-0.17691611,-0.114046544,-0.3995422,-0.255214,-0.114192486,-0.1747448,0.13388678,-0.1854997
300,A,351,0.08056532,-0.47732764,-0.30659544,-0.11123328,-0.40831947,0.23045415,0.022839263,0.19643971,-0.10296869,0.07705099,0.0757141,-0.2823128,-0.26767904,-0.15445621,-0.041505862,-0.21045257,0.06561405,-0.35829362,-0.13446036,-0.109243244,-0.13795462
301,A,352,0.08697753,-0.4944318,-0.006206885,-0.1454135,-0.23367764,0.29950386,-0.3939016,-0.108486846,-0.12586373,0.094586655,0.146868,-0.20142552,-0.18701681,-0.15059844,-0.040256873,-0.2015801,-0.14279206,-0.11026314,-0.534384,0.4745497,-0.29032022
302,A,353,0.03854443,-0.49258038,-0.053563498,-0.22192423,-0.60082775,-0.39993003,-0.72642744,-0.08483925,-0.13634473,0.15388697,-0.00481702,0.16290504,-0.33912337,-0.118081264,0.5002709,-0.051972836,-0.14355868,-0.30854058,-0.108905494,-0.2061769,-0.03608592
303,A,354,0.060697515,-0.35591903,-0.12908065,-0.042473614,-0.041744784,-0.63620436,-0.30789125,0.11452694,-0.12602074,-0.13133268,0.022175977,-0.15012357,-0.1996654,-0.263555,0.20702842,-0.27175504,-0.18322773,-0.080795355,0.26073396,-0.24484394,-0.17906705
304,A,355,0.010295888,-0.49651295,-0.1548048,-0.42970794,-0.35320443,-0.19643301,-0.2709955,0.11518526,-0.37399954,0.06346624,0.057168916,-0.31508282,-0.35268712,-0.25362498,0.13829578,-0.23894213,-0.38071674,-0.32368812,-0.29017177,-0.4152191,-0.093986735
305,A,356,0.1666318,-0.55058396,-0.025021601,0.0059832744,-0.6142632,0.3051818,-0.25576466,0.10101019,0.09968968,0.06320213,0.082875334,0.041296076,-0.10587596,-0.113760516,0.1699776,0.047038294,-0.15131292,-0.28810367,-0.26681682,0.08386507,-0.2383051
306,A,357,0.0400162,0.0071645193,-0.15840966,-0.2079609,-0.4999975,-0.57454556,-0.54647636,-0.16177973,0.13670462,0.074773625,-0.0796019,0.043086167,-0.2008698,-0.121968314,0.55139714,0.00948553,-0.18694748,-0.2652352,-0.15324387,-0.60601944,-0.23718806
307,A,358,0.028071601,-0.28557009,-0.31563523,-0.036475226,-0.41536683,-0.6632289,-0.2719118,0.114227116,-0.07999705,-0.0869457,-0.17796044,-0.18476552,0.1026845,-0.03830681,0.25375214,0.11281853,0.1854434,-0.109400466,-0.09284469,-0.9973646,-0.55767596
308,A,359,0.016246872,-0.53931147,-0.12799989,0.0072589926,-0.3605247,-0.1703318,-0.6133892,-0.019801214,-0.15638727,-0.13011248,-0.12439546,-0.2239671,0.10803219,-0.20060197,0.14466162,-0.15451266,-0.21885848,-0.2414762,-0.25083208,-0.37403178,-0.4568935
309,A,360,0.012963331,-0.12251344,-0.18045087,-0.4690085,-0.50203556,-0.5035287,-0.7125106,-0.031233057,0.1336408,0.11943525,-0.0701869,-0.049443126,-0.21866542,-0.18914652,0.25163192,-0.271714,-0.4824265,-0.27960443,-0.03651899,-0.63413477,-0.08416867
310,A,361,0.05841271,-0.12769352,-0.24151266,-0.27072072,-0.32050243,-0.4962687,-0.6037909,-0.11059147,0.090801455,0.31272307,-0.0956127,0.24794364,-0.23318109,0.06380049,0.4096331,-0.07241634,-0.07748571,-0.23262575,-0.21575056,-0.5978533,-0.20892955
311,A,362,0.007490398,-0.2491337,-0.19345039,-0.1491893,-0.29899687,-0.6261692,-0.38797748,-0.055624507,0.005962014,0.0518812,-0.22132938,-0.15505813,-0.16043377,-0.18143363,0.14544627,-0.26171258,-0.4095322,-0.43539885,-0.05039732,-0.77701473,-0.4770516
312,A,363,0.003064502,-0.36130375,-0.2991881,-0.30150628,-0.50633055,-0.47200036,-0.3334287,0.38715142,-0.38570908,-0.0010764599,-0.3617362,-0.41992003,-0.27506536,-0.17660038,-0.05884919,-0.37137476,-0.2621439,-0.32198572,-0.25357333,-0.83375585,-0.17640452
313,A,364,0.008103758,-0.360228,-0.09082405,-0.07598322,-0.21345137,-0.44158018,-0.6881337,0.0065242946,-0.0014506243,0.06547713,-0.24276166,-0.09685166,-0.23115069,-0.04731259,0.18202339,-0.29402676,-0.2019742,-0.44805643,-0.4747514,-0.6050869,-0.547692
314,A,365,0.012668307,-0.40863478,-0.2165719,-0.16090217,-0.36102986,-0.31532392,-0.85809934,-0.23060936,-0.048642464,-0.1201977,0.17521949,0.30212864,-0.7806489,0.21543975,0.1399407,-0.3609581,-0.11811386,-0.27890873,-0.32342285,-0.3684458,-0.23812161
315,A,366,0.006475618,-0.5620781,-0.4795332,-0.08502803,-0.43978065,-0.37121534,-0.51967937,0.014520362,0.000966195,0.018953785,-0.2703737,0.01498308,-0.5789077,0.080804184,-0.15543878,-0.23129165,-0.17963868,-0.2628427,-0.2559693,-0.23328774,-0.53837657
316,A,367,0.021630323,-0.5499346,-0.36511016,-0.4575402,-0.5338075,0.052669518,-0.3497752,-0.2258383,-0.0782396,0.32890302,-0.3381769,0.41700512,-0.24859631,0.20838013,0.115198076,-0.24995969,-0.13821104,-0.41768906,-0.28089917,-0.32137462,-0.37879497
317,A,368,0.02993071,-0.4081239,-0.05103726,0.09529756,-0.5997104,0.13713674,-0.60037154,-0.23131971,-0.40173328,-0.022226252,-0.18378577,0.28931922,-0.33008733,0.30787992,0.13976416,0.024211034,-0.4861152,-0.48726413,-0.34580553,0.08425349,-0.40876433
318,A,369,0.0046012504,-0.33882543,0.056336176,-0.08600469,-0.49166358,-0.03582853,-0.77931386,-0.20943671,-0.29119557,0.040704176,-0.4980641,-0.21295032,-0.58222127,0.17560896,0.329035,-0.0474993,-0.3995666,-0.42864132,-0.5971594,-0.12129432,-0.85883415
