chain,resi,resn,p(bind)
A,23,K,0.24188152
A,24,G,0.29074046
A,25,D,0.16294171
A,26,L,0.32150626
A,27,A,0.20005865
A,28,D,0.45385367
A,29,R,0.4122761
A,30,L,0.21570121
A,31,N,0.29491016
A,32,S,0.21007763
A,33,R,0.1362152
A,34,V,0.020696677
A,35,T,0.039108977
A,36,V,0.164793
A,37,V,0.02692675
A,38,I,0.04643574
A,39,L,0.10635531
A,40,A,0.02465705
A,41,V,0.012325155
A,42,S,0.029247725
A,43,S,0.047296092
A,44,A,0.0065355734
A,45,L,0.03133949
A,46,L,0.08804494
A,47,L,0.018890837
A,48,S,0.00794056
A,49,S,0.021015473
A,50,H,0.039041262
A,51,F,0.011259526
A,52,I,0.018736126
A,53,G,0.007686935
A,54,D,0.016728837
A,55,P,0.021043697
A,56,I,0.02060513
A,57,T,0.025981227
A,58,C,0.009928404
A,59,W,0.122501776
A,60,T,0.009462243
A,61,P,0.0109103825
A,62,A,0.018858444
A,63,Q,0.0153980255
A,64,F,0.0072894366
A,65,N,0.019846518
A,66,A,0.0045260466
A,67,Q,0.0038718544
A,68,W,0.04083593
A,69,V,0.0048816195
A,70,N,0.00958481
A,71,F,0.0073288404
A,72,V,0.0039508883
A,73,N,0.008732802
A,74,Q,0.019792372
A,75,Y,0.011930319
A,76,C,0.0033969318
A,77,F,0.026657503
A,78,V,0.049619943
A,79,H,0.004809559
A,80,G,0.01506316
A,81,T,0.047856424
A,82,Y,0.042212132
A,83,F,0.0072223763
A,84,V,0.010057656
A,85,P,0.007846384
A,86,L,0.009523331
A,87,D,0.0065343226
A,101,S,0.014263023
A,102,I,0.14576998
A,103,Q,0.044467755
A,104,Y,0.3503621
A,105,Y,0.20421948
A,106,Q,0.029626777
A,107,W,0.092318036
A,108,V,0.15205939
A,109,P,0.016863536
A,110,Y,0.09422771
A,111,V,0.023916753
A,112,F,0.12533164
A,113,A,0.01853881
A,114,L,0.010864629
A,115,Q,0.14236236
A,116,A,0.020187588
A,117,F,0.04064082
A,118,L,0.04650514
A,119,F,0.19365035
A,120,Y,0.21115221
A,121,I,0.059506044
A,122,P,0.10971451
A,123,R,0.36422703
A,124,F,0.082923226
A,125,I,0.09517525
A,126,W,0.64213187
A,127,K,0.3067732
A,128,A,0.023534961
A,129,M,0.029845478
A,130,I,0.2549539
A,131,A,0.020780869
A,132,Y,0.06098164
A,133,S,0.037790455
A,134,G,0.028351959
A,135,Y,0.4318514
A,136,D,0.20751399
A,137,L,0.4836092
A,138,A,0.41651037
A,139,A,0.045652024
A,140,A,0.0824652
A,141,V,0.15515983
A,142,K,0.08594646
A,143,Y,0.076730184
A,144,V,0.05377602
A,145,D,0.019780697
A,146,R,0.03288846
A,147,F,0.03578437
A,148,W,0.044896215
A,149,S,0.0044143214
A,150,E,0.003347245
A,151,N,0.03325675
A,152,R,0.06557714
A,153,D,0.0071142674
A,154,K,0.0056994883
A,155,D,0.0049088146
A,156,D,0.008363629
A,157,K,0.059066877
A,158,F,0.013052356
A,159,K,0.006977183
A,160,T,0.014658082
A,161,R,0.072608255
A,162,L,0.04096666
A,163,A,0.010265472
A,164,A,0.012598626
A,165,F,0.051314335
A,166,E,0.043785993
A,167,G,0.0059270505
A,168,R,0.039903868
A,169,P,0.027130252
A,170,S,0.013872863
A,171,V,0.020800004
A,172,Y,0.11513443
A,173,I,0.06479116
A,174,W,0.08795639
A,175,D,0.014325667
A,176,G,0.027962822
A,177,I,0.109890945
A,178,R,0.014314878
A,179,L,0.036740135
A,180,A,0.033805482
A,181,R,0.032266878
A,182,K,0.013312565
A,183,K,0.086503625
A,184,R,0.08232383
A,185,S,0.045471955
A,186,R,0.11814687
A,187,N,0.05007363
A,188,M,0.23284303
A,189,A,0.13987899
A,190,L,0.036887478
A,191,F,0.12548259
A,192,Y,0.70863044
A,193,T,0.054117683
A,194,L,0.07576018
A,195,S,0.09699099
A,196,T,0.113091245
A,197,V,0.037246823
A,198,W,0.36497447
A,199,Q,0.47143787
A,200,A,0.031294987
A,201,V,0.034053348
A,202,N,0.08019011
A,203,A,0.023842584
A,204,W,0.14709873
A,205,I,0.023228878
A,206,Q,0.0962154
A,207,F,0.062295232
A,208,Y,0.14662053
A,209,I,0.06806435
A,210,L,0.08530788
A,211,T,0.04058496
A,212,Q,0.0356717
A,213,L,0.066937625
A,214,L,0.042229716
A,221,L,0.05244563
A,222,W,0.42156452
A,223,G,0.1096249
A,224,P,0.025100755
A,225,S,0.012213239
A,226,I,0.32827112
A,227,L,0.008890729
A,228,G,0.0015948231
A,229,D,0.03152269
A,230,L,0.06275765
A,231,L,0.0019555935
A,232,Q,0.0030635144
A,233,G,0.0010823512
A,234,N,0.010005259
A,235,D,0.03751961
A,236,W,0.25875917
A,237,Q,0.0128128575
A,238,T,0.0058996477
A,239,T,0.065654546
A,240,G,0.03985497
A,241,H,0.42500716
A,242,F,0.2132441
A,243,P,0.044011448
A,244,R,0.044416294
A,245,I,0.013221547
A,246,V,0.015356326
A,247,H,0.005592364
A,248,C,0.0023651505
A,249,D,0.010645171
A,250,F,0.0053002327
A,251,N,0.012514725
A,262,T,0.010889131
A,263,V,0.006220962
A,264,L,0.01604647
A,265,C,0.006044115
A,266,V,0.007992938
A,267,L,0.030893542
A,268,T,0.018691933
A,269,L,0.038948316
A,270,N,0.07791172
A,271,I,0.015512967
A,272,Y,0.15910052
A,273,Y,0.32660422
A,274,E,0.097991265
A,275,K,0.02092266
A,276,L,0.05458482
A,277,F,0.2170428
A,278,I,0.01997779
A,279,F,0.049146138
A,280,L,0.042232823
A,281,W,0.29728007
A,282,F,0.027832726
A,283,W,0.16024232
A,284,L,0.063396715
A,285,V,0.018762982
A,286,F,0.02539474
A,287,V,0.09136822
A,288,A,0.02877772
A,289,V,0.039953478
A,290,V,0.06408426
A,291,S,0.05443174
A,292,T,0.037175484
A,293,V,0.053136922
A,294,N,0.3040675
A,295,C,0.02179753
A,296,F,0.03240782
A,297,K,0.23714237
A,298,W,0.4750447
A,299,I,0.01961017
A,300,Y,0.13500263
A,301,Y,0.65459424
A,302,L,0.045530368
A,303,C,0.0059316484
A,304,N,0.01441418
A,305,K,0.048867483
A,306,T,0.02115997
A,307,K,0.08356961
A,308,A,0.15407474
A,309,Q,0.039582044
A,310,K,0.08440016
A,311,T,0.46220565
A,312,I,0.0643738
A,313,K,0.0060555586
A,314,N,0.015425501
A,315,Y,0.17550075
A,316,L,0.006392608
A,317,S,0.0017385796
A,318,T,0.0636138
A,319,A,0.020883769
A,320,P,0.016871998
A,321,I,0.043333672
A,322,K,0.008744057
A,323,S,0.008462623
A,324,T,0.006666572
A,325,I,0.015602011
A,326,S,0.0029896095
A,327,D,0.01966499
A,328,D,0.00442545
A,329,Q,0.0065440405
A,330,F,0.029956657
A,331,F,0.04863615
A,332,S,0.011451969
A,333,A,0.034508366
A,334,L,0.0839841
A,335,G,0.05520054
A,336,E,0.24714053
A,337,D,0.3832586
A,338,G,0.086355954
A,339,L,0.09926371
A,340,F,0.38960233
A,341,I,0.180949
A,342,M,0.057552636
A,343,D,0.32030594
A,344,Q,0.38204277
A,345,M,0.14261569
A,346,A,0.05751249
A,347,L,0.27896175
A,348,N,0.23762551
A,349,L,0.059788883
A,350,G,0.01766729
A,351,D,0.08056532
A,352,I,0.08697753
A,353,P,0.03854443
A,354,A,0.060697515
A,355,S,0.010295888
A,356,Y,0.1666318
A,357,L,0.0400162
A,358,T,0.028071601
A,359,I,0.016246872
A,360,S,0.012963331
A,361,M,0.05841271
A,362,R,0.007490398
A,363,N,0.003064502
A,364,I,0.008103758
A,365,C,0.012668307
A,366,Q,0.006475618
A,367,D,0.021630323
A,368,F,0.02993071
A,369,I,0.0046012504
